scenario,layout,formulation,aptamer_count,active_aptamers,single_capture,best_zones,target_capture,false_capture_risk,damage_risk,useful_capture
1,rescue_24,polyT30_standard,24,20,0.27778,8,0.91643,0.52007,0.03114,0.67074
2,rescue_24,polyT30_standard,24,16,0.11111,16,0.80926,0.66689,0.04665,0.53060
3,rescue_24,polyT30_standard,24,19,0.22222,13,0.94601,0.30342,0.02252,0.79617
4,rescue_24,polyT30_standard,24,14,0.16667,12,0.87905,0.58917,0.06156,0.60673
5,rescue_24,polyT30_standard,24,20,0.33333,8,0.94393,0.23609,0.04142,0.82043
6,rescue_24,polyT30_standard,24,19,0.27778,8,0.89212,0.50123,0.03498,0.66036
7,rescue_24,polyT30_standard,24,17,0.22222,11,0.91241,0.47125,0.01248,0.69437
8,rescue_24,polyT30_standard,24,13,0.16667,12,0.85337,0.65380,0.02449,0.56948
9,rescue_24,polyT30_standard,24,17,0.33333,7,0.91553,0.36122,0.01326,0.74670
10,rescue_24,polyT30_standard,24,18,0.22222,12,0.91457,0.32828,0.01897,0.75938
11,rescue_24,polyT30_standard,24,23,0.16667,12,0.86607,0.57500,0.06565,0.60290
12,rescue_24,polyT30_standard,24,16,0.16667,13,0.84987,0.57170,0.07525,0.59095
13,rescue_24,polyT30_standard,24,16,0.16667,12,0.86360,0.67253,0.05772,0.56162
14,rescue_24,polyT30_standard,24,12,0.16667,15,0.89099,0.36186,0.08316,0.70854
15,rescue_24,polyT30_standard,24,18,0.11111,16,0.78107,0.58184,0.05252,0.54366
16,rescue_24,polyT30_standard,24,23,0.27778,8,0.91597,0.41188,0.04199,0.71665
17,rescue_24,polyT30_standard,24,21,0.27778,8,0.90527,0.44818,0.01945,0.69762
18,rescue_24,polyT30_standard,24,20,0.33333,9,0.95797,0.18967,0.05179,0.85141
19,rescue_24,polyT30_standard,24,22,0.22222,9,0.85554,0.54094,0.01941,0.61990
20,rescue_24,polyT30_standard,24,13,0.27778,12,0.97070,0.17867,0.01233,0.88017
21,rescue_24,polyT30_standard,24,16,0.50000,5,0.95807,0.21422,0.01498,0.85096
22,rescue_24,polyT30_standard,24,23,0.22222,10,0.90418,0.50191,0.03257,0.66956
23,rescue_24,polyT30_standard,24,13,0.27778,10,0.95361,0.23742,0.03648,0.82967
24,rescue_24,polyT30_standard,24,15,0.33333,7,0.93586,0.29845,0.02762,0.78850
25,rescue_24,polyT30_standard,24,20,0.27778,7,0.88585,0.49177,0.04642,0.65718
26,rescue_24,polyT30_standard,24,12,0.27778,12,0.97152,0.15644,0.03551,0.88440
27,rescue_24,polyT30_standard,24,20,0.22222,10,0.88002,0.54393,0.02129,0.63591
28,rescue_24,polyT30_standard,24,20,0.16667,12,0.85891,0.62568,0.02717,0.58460
29,rescue_24,polyT30_standard,24,17,0.16667,12,0.84682,0.67709,0.06259,0.54787
30,rescue_24,polyT30_standard,24,22,0.27778,8,0.89987,0.45177,0.05253,0.68380
31,rescue_24,polyT30_standard,24,15,0.16667,16,0.89631,0.31694,0.02396,0.74794
32,rescue_24,polyT30_standard,24,13,0.16667,14,0.86613,0.50223,0.06266,0.63441
33,rescue_24,polyT30_standard,24,17,0.05556,16,0.56560,0.66110,0.03937,0.37342
34,rescue_24,polyT30_standard,24,15,0.27778,11,0.95045,0.22905,0.04273,0.82901
35,rescue_24,polyT30_standard,24,22,0.22222,9,0.87436,0.52646,0.05127,0.63265
36,rescue_24,polyT30_standard,24,19,0.05556,16,0.55542,0.63190,0.05149,0.37309
1,hybrid_24,polyT30_standard,24,23,0.50000,4,0.93307,0.30723,0.01993,0.78423
2,hybrid_24,polyT30_standard,24,16,0.22222,10,0.90098,0.49695,0.03216,0.66949
3,hybrid_24,polyT30_standard,24,22,0.27778,11,0.96108,0.26357,0.01973,0.82867
4,hybrid_24,polyT30_standard,24,13,0.27778,8,0.92124,0.44736,0.04552,0.70378
5,hybrid_24,polyT30_standard,24,20,0.22222,12,0.92133,0.33233,0.05606,0.75317
6,hybrid_24,polyT30_standard,24,21,0.22222,9,0.85113,0.54277,0.03810,0.61188
7,hybrid_24,polyT30_standard,24,19,0.05556,16,0.53690,0.60422,0.01690,0.37248
8,hybrid_24,polyT30_standard,24,15,0.16667,12,0.85337,0.65380,0.02449,0.56948
9,hybrid_24,polyT30_standard,24,14,0.00000,1,0.00000,0.06202,0.00533,0.00000
10,hybrid_24,polyT30_standard,24,21,0.33333,9,0.95526,0.25802,0.01520,0.82759
11,hybrid_24,polyT30_standard,24,21,0.16667,12,0.86607,0.57500,0.06565,0.60290
12,hybrid_24,polyT30_standard,24,12,0.27778,8,0.89556,0.40655,0.05236,0.70044
13,hybrid_24,polyT30_standard,24,17,0.16667,12,0.86360,0.67253,0.05772,0.56162
14,hybrid_24,polyT30_standard,24,14,0.16667,15,0.89099,0.36186,0.08316,0.70854
15,hybrid_24,polyT30_standard,24,18,0.11111,16,0.78107,0.58184,0.05252,0.54366
16,hybrid_24,polyT30_standard,24,23,0.11111,16,0.81965,0.65412,0.07142,0.53779
17,hybrid_24,polyT30_standard,24,20,0.16667,13,0.86807,0.61944,0.02817,0.59330
18,hybrid_24,polyT30_standard,24,21,0.22222,13,0.93220,0.26198,0.06845,0.79068
19,hybrid_24,polyT30_standard,24,20,0.11111,16,0.76317,0.74946,0.03057,0.47208
20,hybrid_24,polyT30_standard,24,16,0.27778,12,0.97070,0.17867,0.01233,0.88017
21,hybrid_24,polyT30_standard,24,14,0.33333,8,0.94165,0.32005,0.02054,0.78528
22,hybrid_24,polyT30_standard,24,22,0.16667,13,0.88571,0.59588,0.03994,0.61313
23,hybrid_24,polyT30_standard,24,16,0.22222,13,0.95183,0.29698,0.04471,0.79781
24,hybrid_24,polyT30_standard,24,13,0.16667,13,0.89313,0.48227,0.04383,0.66737
25,hybrid_24,polyT30_standard,24,19,0.00000,1,0.00000,0.09216,0.01883,0.00000
26,hybrid_24,polyT30_standard,24,12,0.27778,12,0.97152,0.15644,0.03551,0.88440
27,hybrid_24,polyT30_standard,24,24,0.16667,12,0.83331,0.61020,0.02453,0.57409
28,hybrid_24,polyT30_standard,24,17,0.11111,16,0.80394,0.73023,0.03429,0.50428
29,hybrid_24,polyT30_standard,24,15,0.27778,7,0.87500,0.48283,0.04217,0.65396
30,hybrid_24,polyT30_standard,24,19,0.44444,5,0.93343,0.31317,0.03848,0.77666
31,hybrid_24,polyT30_standard,24,12,0.11111,16,0.77092,0.31694,0.02396,0.64331
32,hybrid_24,polyT30_standard,24,15,0.00000,1,0.00000,0.04861,0.01511,0.00000
33,hybrid_24,polyT30_standard,24,22,0.16667,13,0.88816,0.58487,0.03326,0.62112
34,hybrid_24,polyT30_standard,24,15,0.27778,11,0.95045,0.22905,0.04273,0.82901
35,hybrid_24,polyT30_standard,24,21,0.16667,12,0.85794,0.63090,0.06367,0.57422
36,hybrid_24,polyT30_standard,24,20,0.11111,16,0.81077,0.63190,0.05149,0.54461
1,broad_grid_20,polyT30_standard,20,18,0.38889,6,0.94197,0.36570,0.02555,0.76284
2,broad_grid_20,polyT30_standard,20,14,0.16667,13,0.88119,0.52288,0.03943,0.64183
3,broad_grid_20,polyT30_standard,20,16,0.11111,16,0.80834,0.30925,0.02668,0.67697
4,broad_grid_20,polyT30_standard,20,13,0.33333,7,0.93782,0.34931,0.04147,0.76279
5,broad_grid_20,polyT30_standard,20,17,0.11111,16,0.78066,0.36082,0.07047,0.62404
6,broad_grid_20,polyT30_standard,20,17,0.22222,10,0.87425,0.51288,0.04121,0.64068
7,broad_grid_20,polyT30_standard,20,17,0.22222,11,0.91241,0.41048,0.01248,0.72198
8,broad_grid_20,polyT30_standard,20,12,0.16667,13,0.87204,0.61342,0.02610,0.59905
9,broad_grid_20,polyT30_standard,20,14,0.16667,14,0.85967,0.52429,0.02244,0.62933
10,broad_grid_20,polyT30_standard,20,19,0.22222,13,0.92711,0.30109,0.02022,0.78196
11,broad_grid_20,polyT30_standard,20,18,0.16667,13,0.88486,0.53597,0.06987,0.63189
12,broad_grid_20,polyT30_standard,20,12,0.16667,13,0.84987,0.50476,0.07525,0.61865
13,broad_grid_20,polyT30_standard,20,12,0.16667,12,0.86360,0.60265,0.05772,0.59118
14,broad_grid_20,polyT30_standard,20,11,0.11111,16,0.78011,0.32853,0.08757,0.63198
15,broad_grid_20,polyT30_standard,20,12,0.22222,11,0.90631,0.39178,0.03897,0.71883
16,broad_grid_20,polyT30_standard,20,15,0.16667,13,0.88807,0.51071,0.06049,0.64730
17,broad_grid_20,polyT30_standard,20,19,0.16667,13,0.86807,0.55068,0.02817,0.62285
18,broad_grid_20,polyT30_standard,20,13,0.33333,10,0.96866,0.17663,0.05598,0.86581
19,broad_grid_20,polyT30_standard,20,18,0.33333,7,0.91789,0.39403,0.01621,0.73287
20,broad_grid_20,polyT30_standard,20,15,0.27778,13,0.97741,0.16260,0.01315,0.89382
21,broad_grid_20,polyT30_standard,20,13,0.38889,7,0.95315,0.24431,0.01869,0.83125
22,broad_grid_20,polyT30_standard,20,12,0.11111,16,0.81607,0.60299,0.04724,0.56060
23,broad_grid_20,polyT30_standard,20,15,0.22222,13,0.95183,0.25396,0.04471,0.81797
24,broad_grid_20,polyT30_standard,20,12,0.22222,11,0.92784,0.37011,0.03846,0.74596
25,broad_grid_20,polyT30_standard,20,12,0.11111,16,0.81582,0.72156,0.08635,0.50573
26,broad_grid_20,polyT30_standard,20,11,0.33333,11,0.98317,0.12173,0.03318,0.91260
27,broad_grid_20,polyT30_standard,20,19,0.11111,16,0.76574,0.64649,0.03097,0.51260
28,broad_grid_20,polyT30_standard,20,15,0.16667,13,0.87765,0.58561,0.02896,0.61438
29,broad_grid_20,polyT30_standard,20,17,0.16667,12,0.84682,0.60719,0.06259,0.57681
30,broad_grid_20,polyT30_standard,20,18,0.27778,8,0.89987,0.39207,0.05253,0.71016
31,broad_grid_20,polyT30_standard,20,16,0.11111,16,0.77092,0.27168,0.02396,0.66062
32,broad_grid_20,polyT30_standard,20,13,0.00000,1,0.00000,0.04051,0.01511,0.00000
33,broad_grid_20,polyT30_standard,20,18,0.11111,16,0.81978,0.59202,0.03937,0.56917
34,broad_grid_20,polyT30_standard,20,16,0.22222,14,0.94101,0.24070,0.05164,0.81280
35,broad_grid_20,polyT30_standard,20,19,0.16667,12,0.85794,0.56164,0.06367,0.60326
36,broad_grid_20,polyT30_standard,20,17,0.05556,16,0.55542,0.56327,0.05149,0.39180
1,broad_grid_24,polyT30_standard,24,21,0.38889,6,0.94197,0.42339,0.02555,0.73592
2,broad_grid_24,polyT30_standard,24,15,0.11111,16,0.80926,0.66689,0.04665,0.53060
3,broad_grid_24,polyT30_standard,24,19,0.22222,13,0.94601,0.30342,0.02252,0.79617
4,broad_grid_24,polyT30_standard,24,16,0.16667,12,0.87905,0.58917,0.06156,0.60673
5,broad_grid_24,polyT30_standard,24,21,0.11111,16,0.78066,0.41644,0.07047,0.60286
6,broad_grid_24,polyT30_standard,24,22,0.22222,9,0.85113,0.54277,0.03810,0.61188
7,broad_grid_24,polyT30_standard,24,20,0.27778,9,0.92827,0.40630,0.01071,0.73692
8,broad_grid_24,polyT30_standard,24,15,0.11111,16,0.79559,0.75691,0.03092,0.48914
9,broad_grid_24,polyT30_standard,24,13,0.11111,16,0.75507,0.64100,0.02504,0.50857
10,broad_grid_24,polyT30_standard,24,21,0.27778,10,0.93512,0.28222,0.01646,0.79854
11,broad_grid_24,polyT30_standard,24,20,0.22222,10,0.90358,0.50985,0.05715,0.65977
12,broad_grid_24,polyT30_standard,24,14,0.27778,8,0.89556,0.40655,0.05236,0.70044
13,broad_grid_24,polyT30_standard,24,13,0.27778,7,0.88412,0.47859,0.03886,0.66341
14,broad_grid_24,polyT30_standard,24,11,0.11111,16,0.78011,0.38069,0.08757,0.61226
15,broad_grid_24,polyT30_standard,24,19,0.16667,13,0.86216,0.50757,0.04441,0.63336
16,broad_grid_24,polyT30_standard,24,22,0.16667,12,0.86927,0.54898,0.05682,0.61812
17,broad_grid_24,polyT30_standard,24,20,0.33333,7,0.92547,0.40561,0.01770,0.73321
18,broad_grid_24,polyT30_standard,24,19,0.11111,16,0.77738,0.31195,0.08075,0.63758
19,broad_grid_24,polyT30_standard,24,23,0.27778,8,0.89552,0.49946,0.01781,0.66769
20,broad_grid_24,polyT30_standard,24,16,0.33333,10,0.97575,0.15128,0.01070,0.89857
21,broad_grid_24,polyT30_standard,24,20,0.27778,9,0.92059,0.35206,0.02238,0.75259
22,broad_grid_24,polyT30_standard,24,22,0.11111,16,0.81607,0.67213,0.04724,0.53286
23,broad_grid_24,polyT30_standard,24,18,0.16667,16,0.93057,0.35188,0.05287,0.75265
24,broad_grid_24,polyT30_standard,24,15,0.33333,7,0.93586,0.29845,0.02762,0.78850
25,broad_grid_24,polyT30_standard,24,19,0.27778,7,0.88585,0.49177,0.04642,0.65718
26,broad_grid_24,polyT30_standard,24,21,0.33333,10,0.97637,0.13218,0.03085,0.90199
27,broad_grid_24,polyT30_standard,24,23,0.33333,7,0.91864,0.42281,0.01642,0.72027
28,broad_grid_24,polyT30_standard,24,19,0.11111,16,0.80394,0.73023,0.03429,0.50428
29,broad_grid_24,polyT30_standard,24,18,0.11111,16,0.78579,0.77846,0.07861,0.46673
30,broad_grid_24,polyT30_standard,24,20,0.44444,5,0.93343,0.31317,0.03848,0.77666
31,broad_grid_24,polyT30_standard,24,20,0.11111,16,0.77092,0.31694,0.02396,0.64331
32,broad_grid_24,polyT30_standard,24,13,0.27778,9,0.91762,0.36140,0.04465,0.74006
33,broad_grid_24,polyT30_standard,24,20,0.22222,10,0.90592,0.49149,0.02711,0.67681
34,broad_grid_24,polyT30_standard,24,18,0.22222,13,0.93077,0.26467,0.04868,0.79384
35,broad_grid_24,polyT30_standard,24,21,0.33333,7,0.92903,0.44089,0.04291,0.71335
36,broad_grid_24,polyT30_standard,24,17,0.05556,16,0.55542,0.63190,0.05149,0.37309
1,triple_ring_24,polyT30_standard,24,20,0.50000,4,0.93307,0.30723,0.01993,0.78423
2,triple_ring_24,polyT30_standard,24,17,0.22222,10,0.90098,0.49695,0.03216,0.66949
3,triple_ring_24,polyT30_standard,24,19,0.16667,16,0.92171,0.35918,0.02668,0.74912
4,triple_ring_24,polyT30_standard,24,16,0.16667,12,0.87905,0.58917,0.06156,0.60673
5,triple_ring_24,polyT30_standard,24,21,0.16667,15,0.89137,0.39646,0.06689,0.69794
6,triple_ring_24,polyT30_standard,24,23,0.05556,16,0.49616,0.75123,0.05966,0.30333
7,triple_ring_24,polyT30_standard,24,21,0.11111,16,0.79383,0.60422,0.01690,0.55073
8,triple_ring_24,polyT30_standard,24,16,0.27778,8,0.90738,0.50696,0.01802,0.67311
9,triple_ring_24,polyT30_standard,24,20,0.22222,10,0.87473,0.47285,0.01720,0.66390
10,triple_ring_24,polyT30_standard,24,17,0.27778,10,0.93512,0.28222,0.01646,0.79854
11,triple_ring_24,polyT30_standard,24,22,0.16667,12,0.86607,0.57500,0.06565,0.60290
12,triple_ring_24,polyT30_standard,24,15,0.05556,16,0.50528,0.64781,0.08871,0.33101
13,triple_ring_24,polyT30_standard,24,15,0.00000,1,0.00000,0.08883,0.01573,0.00000
14,triple_ring_24,polyT30_standard,24,10,0.11111,16,0.78011,0.38069,0.08757,0.61226
15,triple_ring_24,polyT30_standard,24,16,0.05556,16,0.52343,0.58184,0.05252,0.36433
16,triple_ring_24,polyT30_standard,24,22,0.11111,16,0.81965,0.65412,0.07142,0.53779
17,triple_ring_24,polyT30_standard,24,21,0.11111,16,0.78973,0.69550,0.03337,0.50909
18,triple_ring_24,polyT30_standard,24,19,0.38889,8,0.96865,0.17051,0.04758,0.87131
19,triple_ring_24,polyT30_standard,24,21,0.22222,9,0.85554,0.54094,0.01941,0.61990
20,triple_ring_24,polyT30_standard,24,14,0.22222,15,0.96430,0.21811,0.01478,0.85470
21,triple_ring_24,polyT30_standard,24,18,0.33333,8,0.94165,0.32005,0.02054,0.78528
22,triple_ring_24,polyT30_standard,24,22,0.11111,16,0.81607,0.67213,0.04724,0.53286
23,triple_ring_24,polyT30_standard,24,15,0.27778,10,0.95361,0.23742,0.03648,0.82967
24,triple_ring_24,polyT30_standard,24,9,0.27778,9,0.93972,0.36602,0.03305,0.75886
25,triple_ring_24,polyT30_standard,24,19,0.11111,16,0.81582,0.78712,0.08635,0.47980
26,triple_ring_24,polyT30_standard,24,15,0.27778,12,0.97152,0.15644,0.03551,0.88440
27,triple_ring_24,polyT30_standard,24,20,0.22222,10,0.88002,0.54393,0.02129,0.63591
28,triple_ring_24,polyT30_standard,24,18,0.16667,12,0.85891,0.62568,0.02717,0.58460
29,triple_ring_24,polyT30_standard,24,17,0.22222,9,0.86642,0.57163,0.05039,0.60787
30,triple_ring_24,polyT30_standard,24,21,0.27778,8,0.89987,0.45177,0.05253,0.68380
31,triple_ring_24,polyT30_standard,24,18,0.16667,16,0.89631,0.31694,0.02396,0.74794
32,triple_ring_24,polyT30_standard,24,14,0.00000,1,0.00000,0.04861,0.01511,0.00000
33,triple_ring_24,polyT30_standard,24,23,0.22222,10,0.90592,0.49149,0.02711,0.67681
34,triple_ring_24,polyT30_standard,24,20,0.38889,8,0.96809,0.17237,0.03373,0.87421
35,triple_ring_24,polyT30_standard,24,21,0.38889,6,0.93788,0.39247,0.03870,0.74363
36,triple_ring_24,polyT30_standard,24,19,0.16667,13,0.88220,0.55603,0.04354,0.62723
1,sunflower_20,polyT30_standard,20,20,0.44444,5,0.94204,0.31571,0.02274,0.78702
2,sunflower_20,polyT30_standard,20,18,0.16667,13,0.88119,0.52288,0.03943,0.64183
3,sunflower_20,polyT30_standard,20,16,0.05556,16,0.55271,0.30925,0.02668,0.46289
4,sunflower_20,polyT30_standard,20,14,0.05556,16,0.58287,0.62552,0.07732,0.38973
5,sunflower_20,polyT30_standard,20,19,0.16667,16,0.90315,0.36082,0.07047,0.72195
6,sunflower_20,polyT30_standard,20,15,0.00000,1,0.00000,0.06940,0.01287,0.00000
7,sunflower_20,polyT30_standard,20,16,0.33333,8,0.94742,0.31909,0.00982,0.79352
8,sunflower_20,polyT30_standard,20,13,0.11111,16,0.79559,0.68956,0.03092,0.51565
9,sunflower_20,polyT30_standard,20,13,0.22222,11,0.89350,0.44219,0.01852,0.69144
10,sunflower_20,polyT30_standard,20,16,0.27778,11,0.94787,0.26149,0.01771,0.81884
11,sunflower_20,polyT30_standard,20,16,0.27778,8,0.91425,0.37656,0.04857,0.72950
12,sunflower_20,polyT30_standard,20,8,0.05556,16,0.50528,0.57889,0.08871,0.34788
13,sunflower_20,polyT30_standard,20,11,0.05556,16,0.55572,0.70788,0.07254,0.34991
14,sunflower_20,polyT30_standard,20,10,0.11111,16,0.78011,0.32853,0.08757,0.63198
15,sunflower_20,polyT30_standard,20,16,0.16667,14,0.87802,0.46891,0.04712,0.66108
16,sunflower_20,polyT30_standard,20,17,0.05556,16,0.56545,0.58511,0.07142,0.39002
17,sunflower_20,polyT30_standard,20,16,0.22222,10,0.89170,0.45958,0.02295,0.68128
18,sunflower_20,polyT30_standard,20,12,0.22222,14,0.94239,0.23822,0.07257,0.80906
19,sunflower_20,polyT30_standard,20,20,0.05556,16,0.50515,0.68177,0.03057,0.32939
20,sunflower_20,polyT30_standard,20,11,0.38889,9,0.98327,0.11561,0.00988,0.92323
21,sunflower_20,polyT30_standard,20,13,0.22222,12,0.91730,0.38135,0.02790,0.73514
22,sunflower_20,polyT30_standard,20,17,0.16667,13,0.88571,0.52791,0.03994,0.64281
23,sunflower_20,polyT30_standard,20,9,0.05556,16,0.56852,0.30273,0.05287,0.47354
24,sunflower_20,polyT30_standard,20,12,0.16667,14,0.90898,0.44471,0.04650,0.69536
25,sunflower_20,polyT30_standard,20,16,0.22222,9,0.88066,0.51286,0.05544,0.64213
26,sunflower_20,polyT30_standard,20,14,0.27778,13,0.97815,0.14222,0.03783,0.89656
27,sunflower_20,polyT30_standard,20,19,0.33333,7,0.91864,0.36551,0.01642,0.74644
28,sunflower_20,polyT30_standard,20,14,0.11111,16,0.80394,0.66184,0.03429,0.53145
29,sunflower_20,polyT30_standard,20,13,0.05556,16,0.52836,0.71232,0.07861,0.33082
30,sunflower_20,polyT30_standard,20,20,0.27778,8,0.89987,0.39207,0.05253,0.71016
31,sunflower_20,polyT30_standard,20,10,0.05556,16,0.51299,0.27168,0.02396,0.43959
32,sunflower_20,polyT30_standard,20,13,0.05556,16,0.50610,0.48398,0.06976,0.37426
33,sunflower_20,polyT30_standard,20,16,0.16667,13,0.88816,0.51734,0.03326,0.65076
34,sunflower_20,polyT30_standard,20,16,0.27778,12,0.96020,0.21023,0.04571,0.84552
35,sunflower_20,polyT30_standard,20,20,0.44444,5,0.93861,0.29081,0.03448,0.79245
36,sunflower_20,polyT30_standard,20,19,0.11111,16,0.81077,0.56327,0.05149,0.57193
1,sunflower_24,polyT30_standard,24,23,0.38889,6,0.94197,0.42339,0.02555,0.73592
2,sunflower_24,polyT30_standard,24,17,0.16667,13,0.88119,0.59065,0.03943,0.61239
3,sunflower_24,polyT30_standard,24,20,0.27778,11,0.96108,0.26357,0.01973,0.82867
4,sunflower_24,polyT30_standard,24,14,0.27778,8,0.92124,0.44736,0.04552,0.70378
5,sunflower_24,polyT30_standard,24,18,0.11111,16,0.78066,0.41644,0.07047,0.60286
6,sunflower_24,polyT30_standard,24,19,0.11111,16,0.75410,0.75123,0.05966,0.46102
7,sunflower_24,polyT30_standard,24,16,0.27778,9,0.92827,0.40630,0.01071,0.73692
8,sunflower_24,polyT30_standard,24,13,0.22222,9,0.87109,0.54867,0.01964,0.62778
9,sunflower_24,polyT30_standard,24,17,0.11111,16,0.75507,0.64100,0.02504,0.50857
10,sunflower_24,polyT30_standard,24,22,0.38889,8,0.96663,0.23301,0.01394,0.84984
11,sunflower_24,polyT30_standard,24,20,0.16667,12,0.86607,0.57500,0.06565,0.60290
12,sunflower_24,polyT30_standard,24,10,0.16667,13,0.84987,0.57170,0.07525,0.59095
13,sunflower_24,polyT30_standard,24,12,0.22222,9,0.87841,0.56711,0.04645,0.61910
14,sunflower_24,polyT30_standard,24,12,0.11111,16,0.78011,0.38069,0.08757,0.61226
15,sunflower_24,polyT30_standard,24,21,0.00000,1,0.00000,0.05303,0.01129,0.00000
16,sunflower_24,polyT30_standard,24,22,0.27778,8,0.91597,0.41188,0.04199,0.71665
17,sunflower_24,polyT30_standard,24,18,0.22222,10,0.89170,0.52439,0.02295,0.65261
18,sunflower_24,polyT30_standard,24,20,0.16667,16,0.90086,0.31195,0.08075,0.73886
19,sunflower_24,polyT30_standard,24,23,0.16667,12,0.83156,0.64588,0.02421,0.55825
20,sunflower_24,polyT30_standard,24,18,0.22222,15,0.96430,0.21811,0.01478,0.85470
21,sunflower_24,polyT30_standard,24,15,0.38889,7,0.95315,0.28646,0.01869,0.81129
22,sunflower_24,polyT30_standard,24,23,0.16667,13,0.88571,0.59588,0.03994,0.61313
23,sunflower_24,polyT30_standard,24,16,0.11111,16,0.82233,0.35188,0.05287,0.66511
24,sunflower_24,polyT30_standard,24,15,0.38889,6,0.94338,0.26201,0.02489,0.81265
25,sunflower_24,polyT30_standard,24,19,0.11111,16,0.81582,0.78712,0.08635,0.47980
26,sunflower_24,polyT30_standard,24,15,0.27778,12,0.97152,0.15644,0.03551,0.88440
27,sunflower_24,polyT30_standard,24,20,0.27778,8,0.89647,0.46639,0.01805,0.68308
28,sunflower_24,polyT30_standard,24,20,0.16667,12,0.85891,0.62568,0.02717,0.58460
29,sunflower_24,polyT30_standard,24,17,0.11111,16,0.78579,0.77846,0.07861,0.46673
30,sunflower_24,polyT30_standard,24,23,0.22222,10,0.88454,0.52826,0.06178,0.63683
31,sunflower_24,polyT30_standard,24,19,0.11111,16,0.77092,0.31694,0.02396,0.64331
32,sunflower_24,polyT30_standard,24,13,0.16667,14,0.86613,0.50223,0.06266,0.63441
33,sunflower_24,polyT30_standard,24,21,0.16667,13,0.88816,0.58487,0.03326,0.62112
34,sunflower_24,polyT30_standard,24,15,0.27778,11,0.95045,0.22905,0.04273,0.82901
35,sunflower_24,polyT30_standard,24,23,0.22222,9,0.87436,0.52646,0.05127,0.63265
36,sunflower_24,polyT30_standard,24,20,0.05556,16,0.55542,0.63190,0.05149,0.37309
1,four_patch_24,polyT30_standard,24,22,0.44444,5,0.94204,0.36797,0.02274,0.76260
2,four_patch_24,polyT30_standard,24,14,0.27778,8,0.91228,0.42285,0.02728,0.71254
3,four_patch_24,polyT30_standard,24,20,0.22222,13,0.94601,0.30342,0.02252,0.79617
4,four_patch_24,polyT30_standard,24,14,0.22222,9,0.88949,0.48685,0.04956,0.66130
5,four_patch_24,polyT30_standard,24,21,0.16667,15,0.89137,0.39646,0.06689,0.69794
6,four_patch_24,polyT30_standard,24,21,0.27778,8,0.89212,0.50123,0.03498,0.66036
7,four_patch_24,polyT30_standard,24,20,0.27778,9,0.92827,0.40630,0.01071,0.73692
8,four_patch_24,polyT30_standard,24,15,0.22222,9,0.87109,0.54867,0.01964,0.62778
9,four_patch_24,polyT30_standard,24,16,0.27778,9,0.91427,0.43799,0.01589,0.71008
10,four_patch_24,polyT30_standard,24,18,0.27778,10,0.93512,0.28222,0.01646,0.79854
11,four_patch_24,polyT30_standard,24,18,0.27778,8,0.91425,0.43472,0.04857,0.70336
12,four_patch_24,polyT30_standard,24,14,0.22222,10,0.87882,0.47913,0.06158,0.65388
13,four_patch_24,polyT30_standard,24,12,0.22222,9,0.87841,0.56711,0.04645,0.61910
14,four_patch_24,polyT30_standard,24,15,0.11111,16,0.78011,0.38069,0.08757,0.61226
15,four_patch_24,polyT30_standard,24,15,0.00000,1,0.00000,0.05303,0.01129,0.00000
16,four_patch_24,polyT30_standard,24,22,0.11111,16,0.81965,0.65412,0.07142,0.53779
17,four_patch_24,polyT30_standard,24,19,0.16667,13,0.86807,0.61944,0.02817,0.59330
18,four_patch_24,polyT30_standard,24,21,0.16667,16,0.90086,0.31195,0.08075,0.73886
19,four_patch_24,polyT30_standard,24,22,0.22222,9,0.85554,0.54094,0.01941,0.61990
20,four_patch_24,polyT30_standard,24,12,0.22222,15,0.96430,0.21811,0.01478,0.85470
21,four_patch_24,polyT30_standard,24,21,0.33333,8,0.94165,0.32005,0.02054,0.78528
22,four_patch_24,polyT30_standard,24,19,0.05556,16,0.56138,0.67213,0.04724,0.36656
23,four_patch_24,polyT30_standard,24,14,0.16667,16,0.93057,0.35188,0.05287,0.75265
24,four_patch_24,polyT30_standard,24,12,0.33333,7,0.93586,0.29845,0.02762,0.78850
25,four_patch_24,polyT30_standard,24,18,0.05556,16,0.56110,0.78712,0.08635,0.32999
26,four_patch_24,polyT30_standard,24,16,0.44444,8,0.98764,0.10722,0.02616,0.92613
27,four_patch_24,polyT30_standard,24,21,0.22222,10,0.88002,0.54393,0.02129,0.63591
28,four_patch_24,polyT30_standard,24,19,0.16667,12,0.85891,0.62568,0.02717,0.58460
29,four_patch_24,polyT30_standard,24,18,0.05556,16,0.52836,0.77846,0.07861,0.31383
30,four_patch_24,polyT30_standard,24,22,0.27778,8,0.89987,0.45177,0.05253,0.68380
31,four_patch_24,polyT30_standard,24,16,0.05556,16,0.51299,0.31694,0.02396,0.42807
32,four_patch_24,polyT30_standard,24,14,0.05556,16,0.50610,0.54945,0.06976,0.35810
33,four_patch_24,polyT30_standard,24,21,0.05556,16,0.56560,0.66110,0.03937,0.37342
34,four_patch_24,polyT30_standard,24,20,0.38889,8,0.96809,0.17237,0.03373,0.87421
35,four_patch_24,polyT30_standard,24,22,0.16667,12,0.85794,0.63090,0.06367,0.57422
36,four_patch_24,polyT30_standard,24,21,0.11111,16,0.81077,0.63190,0.05149,0.54461
1,rescue_24,polyT30_PEG_passivated,24,20,0.27778,9,0.94033,0.30393,0.02720,0.78984
2,rescue_24,polyT30_PEG_passivated,24,18,0.27778,10,0.95323,0.26166,0.02578,0.82104
3,rescue_24,polyT30_PEG_passivated,24,22,0.16667,16,0.92942,0.18022,0.02139,0.83934
4,rescue_24,polyT30_PEG_passivated,24,15,0.22222,12,0.94713,0.32441,0.04948,0.77976
5,rescue_24,polyT30_PEG_passivated,24,18,0.11111,16,0.80138,0.21348,0.05670,0.70163
6,rescue_24,polyT30_PEG_passivated,24,24,0.22222,12,0.92244,0.36767,0.03805,0.74283
7,rescue_24,polyT30_PEG_passivated,24,17,0.16667,16,0.92308,0.33667,0.01354,0.76406
8,rescue_24,polyT30_PEG_passivated,24,15,0.22222,12,0.93556,0.37235,0.01963,0.75615
9,rescue_24,polyT30_PEG_passivated,24,19,0.11111,16,0.78366,0.36422,0.02008,0.63645
10,rescue_24,polyT30_PEG_passivated,24,20,0.33333,11,0.97919,0.15011,0.01419,0.90120
11,rescue_24,polyT30_PEG_passivated,24,21,0.33333,8,0.95534,0.22250,0.03898,0.83747
12,rescue_24,polyT30_PEG_passivated,24,13,0.16667,16,0.90913,0.36948,0.07149,0.72263
13,rescue_24,polyT30_PEG_passivated,24,16,0.22222,11,0.92558,0.36158,0.04335,0.74674
14,rescue_24,polyT30_PEG_passivated,24,15,0.05556,16,0.54464,0.19253,0.07056,0.48006
15,rescue_24,polyT30_PEG_passivated,24,21,0.05556,16,0.54537,0.32056,0.04219,0.45119
16,rescue_24,polyT30_PEG_passivated,24,24,0.16667,15,0.92295,0.35579,0.05453,0.74428
17,rescue_24,polyT30_PEG_passivated,24,20,0.22222,12,0.93376,0.32506,0.02119,0.77620
18,rescue_24,polyT30_PEG_passivated,24,19,0.22222,16,0.96634,0.15395,0.06503,0.87166
19,rescue_24,polyT30_PEG_passivated,24,23,0.11111,16,0.78928,0.45561,0.02451,0.60425
20,rescue_24,polyT30_PEG_passivated,24,18,0.38889,10,0.99016,0.07085,0.00856,0.95223
21,rescue_24,polyT30_PEG_passivated,24,21,0.33333,10,0.97263,0.19274,0.01941,0.87293
22,rescue_24,polyT30_PEG_passivated,24,22,0.05556,16,0.57258,0.38873,0.03794,0.45516
23,rescue_24,polyT30_PEG_passivated,24,17,0.16667,16,0.93537,0.17610,0.04247,0.84033
24,rescue_24,polyT30_PEG_passivated,24,19,0.38889,8,0.97831,0.16453,0.02432,0.89018
25,rescue_24,polyT30_PEG_passivated,24,24,0.11111,16,0.82566,0.49222,0.06957,0.60730
26,rescue_24,polyT30_PEG_passivated,24,18,0.33333,12,0.98938,0.07342,0.02848,0.94356
27,rescue_24,polyT30_PEG_passivated,24,24,0.11111,16,0.79106,0.42484,0.02484,0.61761
28,rescue_24,polyT30_PEG_passivated,24,19,0.05556,16,0.56294,0.43805,0.02751,0.43541
29,rescue_24,polyT30_PEG_passivated,24,15,0.00000,1,0.00000,0.04045,0.01367,0.00000
30,rescue_24,polyT30_PEG_passivated,24,23,0.33333,8,0.94835,0.23272,0.04217,0.82563
31,rescue_24,polyT30_PEG_passivated,24,17,0.11111,16,0.79465,0.15668,0.01920,0.72747
32,rescue_24,polyT30_PEG_passivated,24,18,0.05556,16,0.53274,0.29803,0.05613,0.44445
33,rescue_24,polyT30_PEG_passivated,24,23,0.05556,16,0.57557,0.37991,0.03159,0.46108
34,rescue_24,polyT30_PEG_passivated,24,15,0.38889,10,0.98726,0.10033,0.03188,0.92727
35,rescue_24,polyT30_PEG_passivated,24,23,0.27778,10,0.95176,0.30598,0.04451,0.79360
36,rescue_24,polyT30_PEG_passivated,24,23,0.05556,16,0.56833,0.35726,0.04136,0.46005
1,hybrid_24,polyT30_PEG_passivated,24,21,0.33333,8,0.95639,0.27533,0.02496,0.81752
2,hybrid_24,polyT30_PEG_passivated,24,19,0.16667,16,0.92982,0.38452,0.03746,0.74120
3,hybrid_24,polyT30_PEG_passivated,24,22,0.16667,16,0.92942,0.18022,0.02139,0.83934
4,hybrid_24,polyT30_PEG_passivated,24,16,0.22222,12,0.94713,0.32441,0.04948,0.77976
5,hybrid_24,polyT30_PEG_passivated,24,23,0.27778,12,0.96814,0.16481,0.04504,0.87436
6,hybrid_24,polyT30_PEG_passivated,24,24,0.11111,16,0.78299,0.45726,0.04796,0.59384
7,hybrid_24,polyT30_PEG_passivated,24,18,0.16667,16,0.92308,0.33667,0.01354,0.76406
8,hybrid_24,polyT30_PEG_passivated,24,12,0.22222,12,0.93556,0.37235,0.01963,0.75615
9,hybrid_24,polyT30_PEG_passivated,24,17,0.27778,11,0.95348,0.26755,0.01483,0.82164
10,hybrid_24,polyT30_PEG_passivated,24,22,0.11111,16,0.79168,0.21067,0.01921,0.70352
11,hybrid_24,polyT30_PEG_passivated,24,22,0.22222,12,0.94133,0.31444,0.05278,0.77868
12,hybrid_24,polyT30_PEG_passivated,24,14,0.16667,16,0.90913,0.36948,0.07149,0.72263
13,hybrid_24,polyT30_PEG_passivated,24,17,0.27778,9,0.93804,0.30730,0.03728,0.78355
14,hybrid_24,polyT30_PEG_passivated,24,19,0.16667,16,0.91692,0.19253,0.07056,0.80819
15,hybrid_24,polyT30_PEG_passivated,24,23,0.11111,16,0.80166,0.32056,0.04219,0.66323
16,hybrid_24,polyT30_PEG_passivated,24,24,0.11111,16,0.82831,0.37440,0.05747,0.65971
17,hybrid_24,polyT30_PEG_passivated,24,23,0.11111,16,0.80764,0.40796,0.02676,0.63688
18,hybrid_24,polyT30_PEG_passivated,24,23,0.11111,16,0.79911,0.15395,0.06503,0.72081
19,hybrid_24,polyT30_PEG_passivated,24,24,0.16667,15,0.89732,0.43452,0.02324,0.69665
20,hybrid_24,polyT30_PEG_passivated,24,17,0.33333,12,0.98909,0.08440,0.00987,0.94408
21,hybrid_24,polyT30_PEG_passivated,24,17,0.44444,7,0.97689,0.13918,0.01497,0.90415
22,hybrid_24,polyT30_PEG_passivated,24,22,0.11111,16,0.82584,0.38873,0.03794,0.65649
23,hybrid_24,polyT30_PEG_passivated,24,13,0.05556,16,0.57764,0.17610,0.04247,0.51895
24,hybrid_24,polyT30_PEG_passivated,24,16,0.22222,13,0.95636,0.25332,0.03518,0.82494
25,hybrid_24,polyT30_PEG_passivated,24,22,0.11111,16,0.82566,0.49222,0.06957,0.60730
26,hybrid_24,polyT30_PEG_passivated,24,18,0.27778,14,0.98527,0.08513,0.03222,0.93270
27,hybrid_24,polyT30_PEG_passivated,24,24,0.50000,6,0.97815,0.18732,0.01184,0.88286
28,hybrid_24,polyT30_PEG_passivated,24,19,0.33333,8,0.95347,0.25037,0.01602,0.82943
29,hybrid_24,polyT30_PEG_passivated,24,20,0.11111,16,0.80492,0.48352,0.06329,0.59680
30,hybrid_24,polyT30_PEG_passivated,24,22,0.33333,8,0.94835,0.23272,0.04217,0.82563
31,hybrid_24,polyT30_PEG_passivated,24,19,0.00000,1,0.00000,0.01059,0.00407,0.00000
32,hybrid_24,polyT30_PEG_passivated,24,14,0.16667,16,0.90951,0.29803,0.05613,0.75878
33,hybrid_24,polyT30_PEG_passivated,24,22,0.16667,16,0.93430,0.37991,0.03159,0.74846
34,hybrid_24,polyT30_PEG_passivated,24,19,0.33333,11,0.98019,0.10979,0.03429,0.91526
35,hybrid_24,polyT30_PEG_passivated,24,24,0.22222,12,0.93765,0.35487,0.05118,0.75746
36,hybrid_24,polyT30_PEG_passivated,24,21,0.11111,16,0.82217,0.35726,0.04136,0.66553
1,broad_grid_20,polyT30_PEG_passivated,20,17,0.44444,6,0.96765,0.18176,0.02047,0.87341
2,broad_grid_20,polyT30_PEG_passivated,20,18,0.22222,13,0.95134,0.27949,0.03164,0.80933
3,broad_grid_20,polyT30_PEG_passivated,20,19,0.11111,16,0.82049,0.15247,0.02139,0.75226
4,broad_grid_20,polyT30_PEG_passivated,20,10,0.22222,12,0.94713,0.27813,0.04948,0.80129
5,broad_grid_20,polyT30_PEG_passivated,20,18,0.16667,16,0.91717,0.18116,0.05670,0.81754
6,broad_grid_20,polyT30_PEG_passivated,20,18,0.05556,16,0.52544,0.39809,0.04796,0.41379
7,broad_grid_20,polyT30_PEG_passivated,20,19,0.11111,16,0.81047,0.28917,0.01354,0.69000
8,broad_grid_20,polyT30_PEG_passivated,20,13,0.22222,12,0.93556,0.32082,0.01963,0.78009
9,broad_grid_20,polyT30_PEG_passivated,20,16,0.16667,16,0.90522,0.31375,0.02008,0.75785
10,broad_grid_20,polyT30_PEG_passivated,20,18,0.50000,7,0.98765,0.08254,0.01016,0.94352
11,broad_grid_20,polyT30_PEG_passivated,20,19,0.27778,10,0.95442,0.23008,0.04590,0.83105
12,broad_grid_20,polyT30_PEG_passivated,20,11,0.16667,16,0.90913,0.31847,0.07149,0.74524
13,broad_grid_20,polyT30_PEG_passivated,20,14,0.33333,8,0.95469,0.23742,0.03422,0.83128
14,broad_grid_20,polyT30_PEG_passivated,20,17,0.11111,16,0.80100,0.16306,0.07056,0.71752
15,broad_grid_20,polyT30_PEG_passivated,20,18,0.11111,16,0.80166,0.27488,0.04219,0.68127
16,broad_grid_20,polyT30_PEG_passivated,20,19,0.16667,16,0.93425,0.32288,0.05747,0.76766
17,broad_grid_20,polyT30_PEG_passivated,20,17,0.27778,11,0.96088,0.25880,0.01979,0.83075
18,broad_grid_20,polyT30_PEG_passivated,20,16,0.22222,16,0.96634,0.12994,0.06503,0.88299
19,broad_grid_20,polyT30_PEG_passivated,20,20,0.22222,13,0.93766,0.33663,0.02068,0.77419
20,broad_grid_20,polyT30_PEG_passivated,20,15,0.27778,15,0.98845,0.08771,0.01184,0.94119
21,broad_grid_20,polyT30_PEG_passivated,20,16,0.22222,15,0.95840,0.23444,0.02678,0.83813
22,broad_grid_20,polyT30_PEG_passivated,20,18,0.16667,16,0.93273,0.33577,0.03794,0.76583
23,broad_grid_20,polyT30_PEG_passivated,20,17,0.27778,13,0.98182,0.12280,0.03589,0.90996
24,broad_grid_20,polyT30_PEG_passivated,20,17,0.27778,11,0.96828,0.18583,0.03085,0.86883
25,broad_grid_20,polyT30_PEG_passivated,20,18,0.11111,16,0.82566,0.43036,0.06957,0.63222
26,broad_grid_20,polyT30_PEG_passivated,20,12,0.33333,12,0.98938,0.06154,0.02848,0.94938
27,broad_grid_20,polyT30_PEG_passivated,20,20,0.27778,11,0.95582,0.27092,0.01836,0.82104
28,broad_grid_20,polyT30_PEG_passivated,20,12,0.00000,1,0.00000,0.02948,0.00586,0.00000
29,broad_grid_20,polyT30_PEG_passivated,20,15,0.22222,12,0.93254,0.33735,0.05031,0.76159
30,broad_grid_20,polyT30_PEG_passivated,20,20,0.38889,8,0.97227,0.19760,0.04217,0.86328
31,broad_grid_20,polyT30_PEG_passivated,20,17,0.00000,1,0.00000,0.00883,0.00407,0.00000
32,broad_grid_20,polyT30_PEG_passivated,20,11,0.16667,16,0.90951,0.25498,0.05613,0.77797
33,broad_grid_20,polyT30_PEG_passivated,20,18,0.11111,16,0.82840,0.32783,0.03159,0.68496
34,broad_grid_20,polyT30_PEG_passivated,20,12,0.22222,16,0.96555,0.13138,0.04625,0.88752
35,broad_grid_20,polyT30_PEG_passivated,20,20,0.33333,9,0.96720,0.23898,0.04116,0.83936
36,broad_grid_20,polyT30_PEG_passivated,20,20,0.22222,13,0.95177,0.25814,0.03495,0.81879
1,broad_grid_24,polyT30_PEG_passivated,24,21,0.22222,11,0.92866,0.35777,0.03166,0.75409
2,broad_grid_24,polyT30_PEG_passivated,24,20,0.16667,16,0.92982,0.38452,0.03746,0.74120
3,broad_grid_24,polyT30_PEG_passivated,24,21,0.05556,16,0.56641,0.18022,0.02139,0.51151
4,broad_grid_24,polyT30_PEG_passivated,24,18,0.16667,15,0.92939,0.38751,0.05907,0.73382
5,broad_grid_24,polyT30_PEG_passivated,24,24,0.33333,10,0.97385,0.13936,0.03915,0.89357
6,broad_grid_24,polyT30_PEG_passivated,24,21,0.22222,12,0.92244,0.36767,0.03805,0.74283
7,broad_grid_24,polyT30_PEG_passivated,24,22,0.27778,11,0.96172,0.24588,0.01000,0.84053
8,broad_grid_24,polyT30_PEG_passivated,24,14,0.16667,15,0.91230,0.44134,0.02351,0.70514
9,broad_grid_24,polyT30_PEG_passivated,24,21,0.16667,16,0.90522,0.36422,0.02008,0.73517
10,broad_grid_24,polyT30_PEG_passivated,24,19,0.33333,11,0.97919,0.15011,0.01419,0.90120
11,broad_grid_24,polyT30_PEG_passivated,24,24,0.27778,10,0.95442,0.26992,0.04590,0.81235
12,broad_grid_24,polyT30_PEG_passivated,24,15,0.16667,16,0.90913,0.36948,0.07149,0.72263
13,broad_grid_24,polyT30_PEG_passivated,24,14,0.16667,14,0.90574,0.43512,0.05240,0.69569
14,broad_grid_24,polyT30_PEG_passivated,24,17,0.05556,16,0.54464,0.19253,0.07056,0.48006
15,broad_grid_24,polyT30_PEG_passivated,24,21,0.05556,16,0.54537,0.32056,0.04219,0.45119
16,broad_grid_24,polyT30_PEG_passivated,24,24,0.27778,10,0.95545,0.25409,0.03969,0.82248
17,broad_grid_24,polyT30_PEG_passivated,24,19,0.27778,10,0.94896,0.27936,0.01839,0.81116
18,broad_grid_24,polyT30_PEG_passivated,24,18,0.05556,16,0.54259,0.15395,0.06503,0.48943
19,broad_grid_24,polyT30_PEG_passivated,24,24,0.11111,16,0.78928,0.45561,0.02451,0.60425
20,broad_grid_24,polyT30_PEG_passivated,24,18,0.38889,10,0.99016,0.07085,0.00856,0.95223
21,broad_grid_24,polyT30_PEG_passivated,24,16,0.33333,10,0.97263,0.19274,0.01941,0.87293
22,broad_grid_24,polyT30_PEG_passivated,24,22,0.16667,15,0.92139,0.36964,0.03598,0.74165
23,broad_grid_24,polyT30_PEG_passivated,24,19,0.33333,10,0.97947,0.11402,0.02926,0.91417
24,broad_grid_24,polyT30_PEG_passivated,24,10,0.16667,16,0.93747,0.30199,0.04164,0.78432
25,broad_grid_24,polyT30_PEG_passivated,24,21,0.05556,16,0.57237,0.49222,0.06957,0.42100
26,broad_grid_24,polyT30_PEG_passivated,24,19,0.33333,12,0.98938,0.07342,0.02848,0.94356
27,broad_grid_24,polyT30_PEG_passivated,24,24,0.27778,10,0.94352,0.29227,0.01706,0.80083
28,broad_grid_24,polyT30_PEG_passivated,24,21,0.05556,16,0.56294,0.43805,0.02751,0.43541
29,broad_grid_24,polyT30_PEG_passivated,24,20,0.27778,9,0.93212,0.31041,0.04045,0.77630
30,broad_grid_24,polyT30_PEG_passivated,24,24,0.33333,8,0.94835,0.23272,0.04217,0.82563
31,broad_grid_24,polyT30_PEG_passivated,24,18,0.05556,16,0.53778,0.15668,0.01920,0.49232
32,broad_grid_24,polyT30_PEG_passivated,24,17,0.00000,1,0.00000,0.02187,0.01209,0.00000
33,broad_grid_24,polyT30_PEG_passivated,24,22,0.05556,16,0.57557,0.37991,0.03159,0.46108
34,broad_grid_24,polyT30_PEG_passivated,24,21,0.44444,8,0.98583,0.08110,0.02704,0.93690
35,broad_grid_24,polyT30_PEG_passivated,24,24,0.22222,12,0.93765,0.35487,0.05118,0.75746
36,broad_grid_24,polyT30_PEG_passivated,24,22,0.16667,16,0.93047,0.35726,0.04136,0.75319
1,triple_ring_24,polyT30_PEG_passivated,24,22,0.27778,9,0.94033,0.30393,0.02720,0.78984
2,triple_ring_24,polyT30_PEG_passivated,24,14,0.27778,10,0.95323,0.26166,0.02578,0.82104
3,triple_ring_24,polyT30_PEG_passivated,24,21,0.38889,9,0.98460,0.10576,0.01356,0.92811
4,triple_ring_24,polyT30_PEG_passivated,24,20,0.11111,16,0.83868,0.40720,0.06225,0.65337
5,triple_ring_24,polyT30_PEG_passivated,24,24,0.33333,10,0.97385,0.13936,0.03915,0.89357
6,triple_ring_24,polyT30_PEG_passivated,24,23,0.22222,12,0.92244,0.36767,0.03805,0.74283
7,triple_ring_24,polyT30_PEG_passivated,24,17,0.22222,13,0.94691,0.28360,0.01142,0.80940
8,triple_ring_24,polyT30_PEG_passivated,24,19,0.05556,16,0.55644,0.46261,0.02480,0.42402
9,triple_ring_24,polyT30_PEG_passivated,24,19,0.11111,16,0.78366,0.36422,0.02008,0.63645
10,triple_ring_24,polyT30_PEG_passivated,24,20,0.33333,11,0.97919,0.15011,0.01419,0.90120
11,triple_ring_24,polyT30_PEG_passivated,24,23,0.22222,12,0.94133,0.31444,0.05278,0.77868
12,triple_ring_24,polyT30_PEG_passivated,24,15,0.11111,16,0.78937,0.36948,0.07149,0.62744
13,triple_ring_24,polyT30_PEG_passivated,24,14,0.16667,14,0.90574,0.43512,0.05240,0.69569
14,triple_ring_24,polyT30_PEG_passivated,24,14,0.11111,16,0.80100,0.19253,0.07056,0.70602
15,triple_ring_24,polyT30_PEG_passivated,24,20,0.11111,16,0.80166,0.32056,0.04219,0.66323
16,triple_ring_24,polyT30_PEG_passivated,24,23,0.27778,10,0.95545,0.25409,0.03969,0.82248
17,triple_ring_24,polyT30_PEG_passivated,24,21,0.22222,12,0.93376,0.32506,0.02119,0.77620
18,triple_ring_24,polyT30_PEG_passivated,24,19,0.27778,13,0.97453,0.12701,0.05505,0.89506
19,triple_ring_24,polyT30_PEG_passivated,24,23,0.05556,16,0.53205,0.45561,0.02451,0.40732
20,triple_ring_24,polyT30_PEG_passivated,24,15,0.22222,16,0.97437,0.11092,0.01249,0.91631
21,triple_ring_24,polyT30_PEG_passivated,24,18,0.22222,14,0.95034,0.25899,0.02531,0.81995
22,triple_ring_24,polyT30_PEG_passivated,24,23,0.16667,15,0.92139,0.36964,0.03598,0.74165
23,triple_ring_24,polyT30_PEG_passivated,24,17,0.27778,12,0.97566,0.13522,0.03368,0.89897
24,triple_ring_24,polyT30_PEG_passivated,24,19,0.33333,9,0.97096,0.18310,0.02650,0.87389
25,triple_ring_24,polyT30_PEG_passivated,24,23,0.05556,16,0.57237,0.49222,0.06957,0.42100
26,triple_ring_24,polyT30_PEG_passivated,24,18,0.16667,16,0.93180,0.09668,0.03594,0.87560
27,triple_ring_24,polyT30_PEG_passivated,24,24,0.38889,7,0.95706,0.21493,0.01315,0.85028
28,triple_ring_24,polyT30_PEG_passivated,24,18,0.22222,12,0.93809,0.35096,0.02178,0.76758
29,triple_ring_24,polyT30_PEG_passivated,24,21,0.27778,9,0.93212,0.31041,0.04045,0.77630
30,triple_ring_24,polyT30_PEG_passivated,24,24,0.38889,7,0.95835,0.20689,0.03841,0.84767
31,triple_ring_24,polyT30_PEG_passivated,24,17,0.11111,16,0.79465,0.15668,0.01920,0.72747
32,triple_ring_24,polyT30_PEG_passivated,24,14,0.11111,16,0.78993,0.29803,0.05613,0.65901
33,triple_ring_24,polyT30_PEG_passivated,24,24,0.22222,12,0.94281,0.30122,0.02503,0.79380
34,triple_ring_24,polyT30_PEG_passivated,24,20,0.33333,11,0.98019,0.10979,0.03429,0.91526
35,triple_ring_24,polyT30_PEG_passivated,24,23,0.16667,15,0.91539,0.42182,0.06110,0.70688
36,triple_ring_24,polyT30_PEG_passivated,24,23,0.11111,16,0.82217,0.35726,0.04136,0.66553
1,sunflower_20,polyT30_PEG_passivated,20,20,0.27778,10,0.95573,0.28418,0.02943,0.81148
2,sunflower_20,polyT30_PEG_passivated,20,15,0.22222,13,0.95134,0.27949,0.03164,0.80933
3,sunflower_20,polyT30_PEG_passivated,20,15,0.11111,16,0.82049,0.15247,0.02139,0.75226
4,sunflower_20,polyT30_PEG_passivated,20,13,0.27778,10,0.95860,0.23784,0.04302,0.83188
5,sunflower_20,polyT30_PEG_passivated,20,20,0.05556,16,0.54506,0.18116,0.05670,0.48585
6,sunflower_20,polyT30_PEG_passivated,20,20,0.11111,16,0.78299,0.39809,0.04796,0.61662
7,sunflower_20,polyT30_PEG_passivated,20,17,0.11111,16,0.81047,0.28917,0.01354,0.69000
8,sunflower_20,polyT30_PEG_passivated,20,9,0.16667,15,0.91230,0.38344,0.02351,0.73133
9,sunflower_20,polyT30_PEG_passivated,20,18,0.11111,16,0.78366,0.31375,0.02008,0.65608
10,sunflower_20,polyT30_PEG_passivated,20,16,0.27778,13,0.97259,0.14784,0.01620,0.89559
11,sunflower_20,polyT30_PEG_passivated,20,20,0.16667,16,0.93218,0.34187,0.06637,0.75489
12,sunflower_20,polyT30_PEG_passivated,20,11,0.11111,16,0.78937,0.31847,0.07149,0.64707
13,sunflower_20,polyT30_PEG_passivated,20,15,0.22222,12,0.94022,0.33406,0.04638,0.77046
14,sunflower_20,polyT30_PEG_passivated,20,12,0.11111,16,0.80100,0.16306,0.07056,0.71752
15,sunflower_20,polyT30_PEG_passivated,20,18,0.05556,16,0.54537,0.27488,0.04219,0.46347
16,sunflower_20,polyT30_PEG_passivated,20,20,0.11111,16,0.82831,0.32288,0.05747,0.68062
17,sunflower_20,polyT30_PEG_passivated,20,19,0.22222,13,0.94571,0.29808,0.02259,0.79840
18,sunflower_20,polyT30_PEG_passivated,20,14,0.16667,16,0.91567,0.12994,0.06503,0.83669
19,sunflower_20,polyT30_PEG_passivated,20,20,0.16667,16,0.90907,0.39657,0.02451,0.72256
20,sunflower_20,polyT30_PEG_passivated,20,14,0.33333,13,0.99227,0.07647,0.01053,0.95082
21,sunflower_20,polyT30_PEG_passivated,20,14,0.22222,15,0.95840,0.23444,0.02678,0.83813
22,sunflower_20,polyT30_PEG_passivated,20,20,0.16667,16,0.93273,0.33577,0.03794,0.76583
23,sunflower_20,polyT30_PEG_passivated,20,17,0.22222,16,0.97689,0.14893,0.04247,0.89071
24,sunflower_20,polyT30_PEG_passivated,20,11,0.22222,14,0.96530,0.23023,0.03734,0.84302
25,sunflower_20,polyT30_PEG_passivated,20,19,0.16667,15,0.92128,0.40997,0.06603,0.71551
26,sunflower_20,polyT30_PEG_passivated,20,12,0.44444,9,0.99332,0.04652,0.02285,0.96246
27,sunflower_20,polyT30_PEG_passivated,20,20,0.16667,16,0.91028,0.36846,0.02484,0.73612
28,sunflower_20,polyT30_PEG_passivated,20,18,0.16667,16,0.92752,0.38049,0.02751,0.74383
29,sunflower_20,polyT30_PEG_passivated,20,16,0.11111,16,0.80492,0.42229,0.06329,0.62090
30,sunflower_20,polyT30_PEG_passivated,20,20,0.38889,8,0.97227,0.19760,0.04217,0.86328
31,sunflower_20,polyT30_PEG_passivated,20,14,0.11111,16,0.79465,0.13227,0.01920,0.73711
32,sunflower_20,polyT30_PEG_passivated,20,14,0.11111,16,0.78993,0.25498,0.05613,0.67568
33,sunflower_20,polyT30_PEG_passivated,20,20,0.05556,16,0.57557,0.32783,0.03159,0.47590
34,sunflower_20,polyT30_PEG_passivated,20,14,0.16667,16,0.91427,0.13138,0.04625,0.84039
35,sunflower_20,polyT30_PEG_passivated,20,20,0.27778,10,0.95176,0.26173,0.04451,0.81433
36,sunflower_20,polyT30_PEG_passivated,20,15,0.27778,11,0.96509,0.22326,0.03065,0.84816
1,sunflower_24,polyT30_PEG_passivated,24,21,0.38889,7,0.96460,0.24557,0.02272,0.83943
2,sunflower_24,polyT30_PEG_passivated,24,16,0.05556,16,0.56713,0.38452,0.03746,0.45209
3,sunflower_24,polyT30_PEG_passivated,24,23,0.16667,16,0.92942,0.18022,0.02139,0.83934
4,sunflower_24,polyT30_PEG_passivated,24,21,0.27778,10,0.95860,0.27878,0.04302,0.81255
5,sunflower_24,polyT30_PEG_passivated,24,22,0.16667,16,0.91717,0.21348,0.05670,0.80301
6,sunflower_24,polyT30_PEG_passivated,24,23,0.11111,16,0.78299,0.45726,0.04796,0.59384
7,sunflower_24,polyT30_PEG_passivated,24,21,0.16667,16,0.92308,0.33667,0.01354,0.76406
8,sunflower_24,polyT30_PEG_passivated,24,16,0.33333,8,0.95201,0.26693,0.01443,0.82079
9,sunflower_24,polyT30_PEG_passivated,24,18,0.11111,16,0.78366,0.36422,0.02008,0.63645
10,sunflower_24,polyT30_PEG_passivated,24,20,0.27778,13,0.97259,0.17487,0.01620,0.88252
11,sunflower_24,polyT30_PEG_passivated,24,24,0.22222,12,0.94133,0.31444,0.05278,0.77868
12,sunflower_24,polyT30_PEG_passivated,24,14,0.22222,13,0.93770,0.31253,0.06055,0.77440
13,sunflower_24,polyT30_PEG_passivated,24,18,0.27778,9,0.93804,0.30730,0.03728,0.78355
14,sunflower_24,polyT30_PEG_passivated,24,18,0.22222,15,0.96056,0.18166,0.06698,0.85284
15,sunflower_24,polyT30_PEG_passivated,24,17,0.05556,16,0.54537,0.32056,0.04219,0.45119
16,sunflower_24,polyT30_PEG_passivated,24,23,0.22222,12,0.94277,0.29657,0.04565,0.79014
17,sunflower_24,polyT30_PEG_passivated,24,22,0.27778,10,0.94896,0.27936,0.01839,0.81116
18,sunflower_24,polyT30_PEG_passivated,24,22,0.11111,16,0.79911,0.15395,0.06503,0.72081
19,sunflower_24,polyT30_PEG_passivated,24,23,0.11111,16,0.78928,0.45561,0.02451,0.60425
20,sunflower_24,polyT30_PEG_passivated,24,18,0.33333,12,0.98909,0.08440,0.00987,0.94408
21,sunflower_24,polyT30_PEG_passivated,24,20,0.44444,7,0.97689,0.13918,0.01497,0.90415
22,sunflower_24,polyT30_PEG_passivated,24,24,0.05556,16,0.57258,0.38873,0.03794,0.45516
23,sunflower_24,polyT30_PEG_passivated,24,18,0.22222,15,0.97119,0.16606,0.04028,0.87800
24,sunflower_24,polyT30_PEG_passivated,24,13,0.22222,13,0.95636,0.25332,0.03518,0.82494
25,sunflower_24,polyT30_PEG_passivated,24,19,0.11111,16,0.82566,0.49222,0.06957,0.60730
26,sunflower_24,polyT30_PEG_passivated,24,20,0.33333,12,0.98938,0.07342,0.02848,0.94356
27,sunflower_24,polyT30_PEG_passivated,24,23,0.44444,6,0.96147,0.18732,0.01184,0.86781
28,sunflower_24,polyT30_PEG_passivated,24,24,0.16667,15,0.91604,0.41744,0.02608,0.71823
29,sunflower_24,polyT30_PEG_passivated,24,21,0.16667,14,0.89425,0.43905,0.05682,0.68406
30,sunflower_24,polyT30_PEG_passivated,24,24,0.16667,15,0.90285,0.39147,0.06807,0.70883
31,sunflower_24,polyT30_PEG_passivated,24,14,0.11111,16,0.79465,0.15668,0.01920,0.72747
32,sunflower_24,polyT30_PEG_passivated,24,17,0.16667,16,0.90951,0.29803,0.05613,0.75878
33,sunflower_24,polyT30_PEG_passivated,24,23,0.22222,12,0.94281,0.30122,0.02503,0.79380
34,sunflower_24,polyT30_PEG_passivated,24,17,0.33333,11,0.98019,0.10979,0.03429,0.91526
35,sunflower_24,polyT30_PEG_passivated,24,23,0.27778,10,0.95176,0.30598,0.04451,0.79360
36,sunflower_24,polyT30_PEG_passivated,24,22,0.11111,16,0.82217,0.35726,0.04136,0.66553
1,four_patch_24,polyT30_PEG_passivated,24,19,0.33333,8,0.95639,0.27533,0.02496,0.81752
2,four_patch_24,polyT30_PEG_passivated,24,17,0.16667,16,0.92982,0.38452,0.03746,0.74120
3,four_patch_24,polyT30_PEG_passivated,24,21,0.05556,16,0.56641,0.18022,0.02139,0.51151
4,four_patch_24,polyT30_PEG_passivated,24,17,0.11111,16,0.83868,0.40720,0.06225,0.65337
5,four_patch_24,polyT30_PEG_passivated,24,24,0.22222,15,0.96071,0.20158,0.05380,0.84761
6,four_patch_24,polyT30_PEG_passivated,24,23,0.11111,16,0.78299,0.45726,0.04796,0.59384
7,four_patch_24,polyT30_PEG_passivated,24,18,0.27778,11,0.96172,0.24588,0.01000,0.84053
8,four_patch_24,polyT30_PEG_passivated,24,16,0.16667,15,0.91230,0.44134,0.02351,0.70514
9,four_patch_24,polyT30_PEG_passivated,24,18,0.16667,16,0.90522,0.36422,0.02008,0.73517
10,four_patch_24,polyT30_PEG_passivated,24,23,0.27778,13,0.97259,0.17487,0.01620,0.88252
11,four_patch_24,polyT30_PEG_passivated,24,23,0.11111,16,0.82495,0.39550,0.06637,0.64644
12,four_patch_24,polyT30_PEG_passivated,24,16,0.11111,16,0.78937,0.36948,0.07149,0.62744
13,four_patch_24,polyT30_PEG_passivated,24,18,0.11111,16,0.82235,0.47938,0.05838,0.61247
14,four_patch_24,polyT30_PEG_passivated,24,18,0.11111,16,0.80100,0.19253,0.07056,0.70602
15,four_patch_24,polyT30_PEG_passivated,24,22,0.11111,16,0.80166,0.32056,0.04219,0.66323
16,four_patch_24,polyT30_PEG_passivated,24,22,0.05556,16,0.57546,0.37440,0.05747,0.45833
17,four_patch_24,polyT30_PEG_passivated,24,23,0.22222,12,0.93376,0.32506,0.02119,0.77620
18,four_patch_24,polyT30_PEG_passivated,24,22,0.22222,16,0.96634,0.15395,0.06503,0.87166
19,four_patch_24,polyT30_PEG_passivated,24,24,0.00000,1,0.00000,0.03729,0.00521,0.00000
20,four_patch_24,polyT30_PEG_passivated,24,14,0.22222,16,0.97437,0.11092,0.01249,0.91631
21,four_patch_24,polyT30_PEG_passivated,24,15,0.27778,11,0.95722,0.20984,0.02089,0.85053
22,four_patch_24,polyT30_PEG_passivated,24,22,0.11111,16,0.82584,0.38873,0.03794,0.65649
23,four_patch_24,polyT30_PEG_passivated,24,14,0.16667,16,0.93537,0.17610,0.04247,0.84033
24,four_patch_24,polyT30_PEG_passivated,24,17,0.22222,13,0.95636,0.25332,0.03518,0.82494
25,four_patch_24,polyT30_PEG_passivated,24,20,0.16667,14,0.90788,0.44733,0.06248,0.68941
26,four_patch_24,polyT30_PEG_passivated,24,17,0.44444,9,0.99332,0.05559,0.02285,0.95799
27,four_patch_24,polyT30_PEG_passivated,24,24,0.22222,12,0.92621,0.33955,0.01966,0.76367
28,four_patch_24,polyT30_PEG_passivated,24,19,0.11111,16,0.81745,0.43805,0.02751,0.63226
29,four_patch_24,polyT30_PEG_passivated,24,19,0.16667,14,0.89425,0.43905,0.05682,0.68406
30,four_patch_24,polyT30_PEG_passivated,24,24,0.27778,10,0.94564,0.28189,0.04964,0.79824
31,four_patch_24,polyT30_PEG_passivated,24,19,0.11111,16,0.79465,0.15668,0.01920,0.72747
32,four_patch_24,polyT30_PEG_passivated,24,18,0.05556,16,0.53274,0.29803,0.05613,0.44445
33,four_patch_24,polyT30_PEG_passivated,24,23,0.05556,16,0.57557,0.37991,0.03159,0.46108
34,four_patch_24,polyT30_PEG_passivated,24,21,0.16667,16,0.91427,0.15563,0.04625,0.82948
35,four_patch_24,polyT30_PEG_passivated,24,24,0.33333,8,0.95321,0.25338,0.03779,0.82144
36,four_patch_24,polyT30_PEG_passivated,24,21,0.11111,16,0.82217,0.35726,0.04136,0.66553
1,rescue_24,rigid_spacer_PEG,24,23,0.27778,9,0.94078,0.33200,0.02720,0.77714
2,rescue_24,rigid_spacer_PEG,24,17,0.33333,8,0.95487,0.23670,0.02186,0.83542
3,rescue_24,rigid_spacer_PEG,24,21,0.11111,16,0.82250,0.19825,0.02139,0.73542
4,rescue_24,rigid_spacer_PEG,24,21,0.27778,9,0.94368,0.27921,0.03978,0.80063
5,rescue_24,rigid_spacer_PEG,24,23,0.16667,16,0.91941,0.23436,0.05670,0.79557
6,rescue_24,rigid_spacer_PEG,24,24,0.33333,8,0.94582,0.28841,0.02805,0.80149
7,rescue_24,rigid_spacer_PEG,24,19,0.38889,8,0.97498,0.20417,0.00786,0.87304
8,rescue_24,rigid_spacer_PEG,24,18,0.33333,8,0.95268,0.29232,0.01443,0.80933
9,rescue_24,rigid_spacer_PEG,24,16,0.22222,13,0.93726,0.33603,0.01693,0.77516
10,rescue_24,rigid_spacer_PEG,24,21,0.33333,10,0.97269,0.15162,0.01318,0.89480
11,rescue_24,rigid_spacer_PEG,24,22,0.33333,8,0.95575,0.24432,0.03898,0.82755
12,rescue_24,rigid_spacer_PEG,24,17,0.22222,12,0.92742,0.31953,0.05688,0.76374
13,rescue_24,rigid_spacer_PEG,24,14,0.33333,8,0.95516,0.30474,0.03422,0.79992
14,rescue_24,rigid_spacer_PEG,24,12,0.22222,15,0.96190,0.19982,0.06698,0.84550
15,rescue_24,rigid_spacer_PEG,24,20,0.05556,16,0.54909,0.34949,0.04219,0.44645
16,rescue_24,rigid_spacer_PEG,24,23,0.33333,8,0.95652,0.22973,0.03369,0.83667
17,rescue_24,rigid_spacer_PEG,24,21,0.33333,8,0.95174,0.25304,0.01558,0.82679
18,rescue_24,rigid_spacer_PEG,24,20,0.44444,8,0.98645,0.08874,0.03818,0.93009
19,rescue_24,rigid_spacer_PEG,24,24,0.22222,11,0.91230,0.37219,0.01812,0.73782
20,rescue_24,rigid_spacer_PEG,24,19,0.33333,12,0.98935,0.09336,0.00987,0.93990
21,rescue_24,rigid_spacer_PEG,24,18,0.38889,8,0.97262,0.17349,0.01645,0.88313
22,rescue_24,rigid_spacer_PEG,24,24,0.16667,15,0.92241,0.40167,0.03598,0.72788
23,rescue_24,rigid_spacer_PEG,24,18,0.22222,15,0.97163,0.18283,0.04028,0.87036
24,rescue_24,rigid_spacer_PEG,24,17,0.33333,9,0.97118,0.20147,0.02650,0.86525
25,rescue_24,rigid_spacer_PEG,24,19,0.11111,16,0.82729,0.52990,0.06957,0.59329
26,rescue_24,rigid_spacer_PEG,24,16,0.38889,10,0.99057,0.06820,0.02473,0.94851
27,rescue_24,rigid_spacer_PEG,24,23,0.27778,10,0.94491,0.31945,0.01706,0.78925
28,rescue_24,rigid_spacer_PEG,24,19,0.16667,14,0.90400,0.42963,0.02465,0.70368
29,rescue_24,rigid_spacer_PEG,24,21,0.11111,16,0.80808,0.52090,0.06329,0.58438
30,rescue_24,rigid_spacer_PEG,24,22,0.38889,7,0.95910,0.22743,0.03841,0.83861
31,rescue_24,rigid_spacer_PEG,24,17,0.16667,16,0.91531,0.17259,0.01920,0.83070
32,rescue_24,rigid_spacer_PEG,24,21,0.22222,13,0.93986,0.27375,0.04748,0.79774
33,rescue_24,rigid_spacer_PEG,24,24,0.27778,10,0.95592,0.28281,0.02173,0.81450
34,rescue_24,rigid_spacer_PEG,24,19,0.44444,8,0.98624,0.08975,0.02704,0.93307
35,rescue_24,rigid_spacer_PEG,24,24,0.11111,16,0.81876,0.47830,0.06438,0.60891
36,rescue_24,rigid_spacer_PEG,24,22,0.11111,16,0.82405,0.38853,0.04136,0.65436
1,hybrid_24,rigid_spacer_PEG,24,23,0.44444,6,0.96786,0.23584,0.02047,0.84761
2,hybrid_24,rigid_spacer_PEG,24,20,0.27778,10,0.95384,0.28654,0.02578,0.80981
3,hybrid_24,rigid_spacer_PEG,24,19,0.27778,12,0.97375,0.15271,0.01693,0.89407
4,hybrid_24,rigid_spacer_PEG,24,16,0.27778,9,0.94368,0.27921,0.03978,0.80063
5,hybrid_24,rigid_spacer_PEG,24,23,0.22222,14,0.95419,0.20837,0.05088,0.83955
6,hybrid_24,rigid_spacer_PEG,24,24,0.27778,9,0.92614,0.31804,0.03056,0.77054
7,hybrid_24,rigid_spacer_PEG,24,21,0.27778,10,0.95074,0.24833,0.00929,0.82999
8,hybrid_24,rigid_spacer_PEG,24,16,0.16667,14,0.90050,0.45398,0.02222,0.69068
9,hybrid_24,rigid_spacer_PEG,24,19,0.22222,13,0.93726,0.33603,0.01693,0.77516
10,hybrid_24,rigid_spacer_PEG,24,23,0.38889,9,0.98110,0.13755,0.01217,0.90973
11,hybrid_24,rigid_spacer_PEG,24,23,0.27778,10,0.95494,0.29543,0.04590,0.80080
12,hybrid_24,rigid_spacer_PEG,24,22,0.33333,9,0.96194,0.25078,0.04577,0.82785
13,hybrid_24,rigid_spacer_PEG,24,16,0.33333,8,0.95516,0.30474,0.03422,0.79992
14,hybrid_24,rigid_spacer_PEG,24,16,0.16667,16,0.91918,0.21163,0.07056,0.80162
15,hybrid_24,rigid_spacer_PEG,24,20,0.11111,16,0.80506,0.34949,0.04219,0.65457
16,hybrid_24,rigid_spacer_PEG,24,24,0.27778,10,0.95589,0.27839,0.03969,0.81141
17,hybrid_24,rigid_spacer_PEG,24,22,0.27778,10,0.94991,0.30558,0.01839,0.79959
18,hybrid_24,rigid_spacer_PEG,24,22,0.50000,7,0.98861,0.07809,0.03477,0.93845
19,hybrid_24,rigid_spacer_PEG,24,24,0.27778,9,0.92819,0.31674,0.01555,0.77694
20,hybrid_24,rigid_spacer_PEG,24,18,0.44444,9,0.99330,0.07087,0.00791,0.95545
21,hybrid_24,rigid_spacer_PEG,24,18,0.44444,7,0.97742,0.15357,0.01497,0.89765
22,hybrid_24,rigid_spacer_PEG,24,23,0.22222,12,0.94240,0.33694,0.03007,0.77539
23,hybrid_24,rigid_spacer_PEG,24,16,0.16667,16,0.93616,0.19376,0.04247,0.83289
24,hybrid_24,rigid_spacer_PEG,24,14,0.27778,10,0.95740,0.22119,0.02868,0.84297
25,hybrid_24,rigid_spacer_PEG,24,19,0.11111,16,0.82729,0.52990,0.06957,0.59329
26,hybrid_24,rigid_spacer_PEG,24,16,0.44444,9,0.99345,0.06159,0.02285,0.95515
27,hybrid_24,rigid_spacer_PEG,24,24,0.38889,7,0.95791,0.23616,0.01315,0.84091
28,hybrid_24,rigid_spacer_PEG,24,20,0.27778,9,0.93714,0.30298,0.01746,0.79031
29,hybrid_24,rigid_spacer_PEG,24,20,0.16667,14,0.89635,0.47474,0.05682,0.66999
30,hybrid_24,rigid_spacer_PEG,24,24,0.27778,10,0.94685,0.30831,0.04964,0.78698
31,hybrid_24,rigid_spacer_PEG,24,16,0.16667,16,0.91531,0.17259,0.01920,0.83070
32,hybrid_24,rigid_spacer_PEG,24,16,0.27778,11,0.95680,0.23712,0.04167,0.83106
33,hybrid_24,rigid_spacer_PEG,24,23,0.33333,8,0.95654,0.23351,0.01842,0.83942
34,hybrid_24,rigid_spacer_PEG,24,20,0.33333,11,0.98087,0.12129,0.03429,0.91033
35,hybrid_24,rigid_spacer_PEG,24,24,0.38889,7,0.96258,0.24774,0.03442,0.83319
36,hybrid_24,rigid_spacer_PEG,24,20,0.27778,10,0.95414,0.26467,0.02849,0.81962
1,broad_grid_20,rigid_spacer_PEG,20,20,0.33333,8,0.95673,0.25750,0.02496,0.82626
2,broad_grid_20,rigid_spacer_PEG,20,17,0.38889,8,0.97661,0.20104,0.02186,0.87172
3,broad_grid_20,rigid_spacer_PEG,20,18,0.11111,16,0.82250,0.16800,0.02139,0.74777
4,broad_grid_20,rigid_spacer_PEG,20,14,0.22222,12,0.94741,0.30419,0.04948,0.78940
5,broad_grid_20,rigid_spacer_PEG,20,19,0.22222,15,0.96204,0.18806,0.05380,0.85516
6,broad_grid_20,rigid_spacer_PEG,20,20,0.27778,10,0.94242,0.29753,0.03307,0.79294
7,broad_grid_20,rigid_spacer_PEG,20,14,0.33333,9,0.96647,0.19232,0.00857,0.87092
8,broad_grid_20,rigid_spacer_PEG,20,15,0.33333,8,0.95268,0.24956,0.01443,0.82960
9,broad_grid_20,rigid_spacer_PEG,20,15,0.16667,16,0.90847,0.34223,0.02008,0.74772
10,broad_grid_20,rigid_spacer_PEG,20,13,0.27778,13,0.97368,0.16296,0.01620,0.88927
11,broad_grid_20,rigid_spacer_PEG,20,19,0.27778,10,0.95494,0.25245,0.04590,0.82099
12,broad_grid_20,rigid_spacer_PEG,20,9,0.11111,16,0.79368,0.34727,0.07149,0.63946
13,broad_grid_20,rigid_spacer_PEG,20,13,0.33333,8,0.95516,0.26046,0.03422,0.82081
14,broad_grid_20,rigid_spacer_PEG,20,12,0.11111,16,0.80445,0.17955,0.07056,0.71415
15,broad_grid_20,rigid_spacer_PEG,20,16,0.22222,13,0.94461,0.25210,0.03565,0.81524
16,broad_grid_20,rigid_spacer_PEG,20,19,0.22222,12,0.94338,0.27774,0.04565,0.79939
17,broad_grid_20,rigid_spacer_PEG,20,20,0.38889,8,0.97454,0.21524,0.01558,0.86491
18,broad_grid_20,rigid_spacer_PEG,20,15,0.38889,10,0.98795,0.09218,0.04496,0.92759
19,broad_grid_20,rigid_spacer_PEG,20,20,0.33333,8,0.94735,0.24507,0.01427,0.82712
20,broad_grid_20,rigid_spacer_PEG,20,15,0.33333,12,0.98935,0.07838,0.00987,0.94729
21,broad_grid_20,rigid_spacer_PEG,20,15,0.38889,8,0.97262,0.14655,0.01645,0.89616
22,broad_grid_20,rigid_spacer_PEG,20,20,0.16667,16,0.93372,0.36570,0.03794,0.75286
23,broad_grid_20,rigid_spacer_PEG,20,14,0.16667,16,0.93616,0.16412,0.04247,0.84656
24,broad_grid_20,rigid_spacer_PEG,20,16,0.44444,7,0.98203,0.13543,0.02213,0.90844
25,broad_grid_20,rigid_spacer_PEG,20,19,0.27778,9,0.93969,0.29701,0.04452,0.78768
26,broad_grid_20,rigid_spacer_PEG,20,13,0.33333,12,0.98961,0.06816,0.02848,0.94636
27,broad_grid_20,rigid_spacer_PEG,20,20,0.38889,7,0.95791,0.20050,0.01315,0.85791
28,broad_grid_20,rigid_spacer_PEG,20,17,0.16667,15,0.91748,0.39324,0.02608,0.73035
29,broad_grid_20,rigid_spacer_PEG,20,14,0.27778,10,0.94910,0.31734,0.04375,0.78628
30,broad_grid_20,rigid_spacer_PEG,20,20,0.33333,9,0.96370,0.24089,0.04591,0.83401
31,broad_grid_20,rigid_spacer_PEG,20,14,0.11111,16,0.79857,0.14591,0.01920,0.73534
32,broad_grid_20,rigid_spacer_PEG,20,13,0.16667,16,0.91239,0.27919,0.05613,0.76961
33,broad_grid_20,rigid_spacer_PEG,20,19,0.27778,10,0.95592,0.24137,0.02173,0.83416
34,broad_grid_20,rigid_spacer_PEG,20,16,0.33333,11,0.98087,0.10205,0.03429,0.91965
35,broad_grid_20,rigid_spacer_PEG,20,19,0.33333,8,0.95379,0.23676,0.03779,0.82976
36,broad_grid_20,rigid_spacer_PEG,20,18,0.16667,16,0.93164,0.33559,0.04136,0.76409
1,broad_grid_24,rigid_spacer_PEG,24,21,0.44444,6,0.96786,0.23584,0.02047,0.84761
2,broad_grid_24,rigid_spacer_PEG,24,23,0.38889,7,0.96342,0.21049,0.01989,0.85602
3,broad_grid_24,rigid_spacer_PEG,24,22,0.22222,15,0.96855,0.18710,0.02028,0.87171
4,broad_grid_24,rigid_spacer_PEG,24,15,0.22222,11,0.93317,0.32979,0.04626,0.76667
5,broad_grid_24,rigid_spacer_PEG,24,23,0.38889,9,0.98242,0.13947,0.03619,0.90233
6,broad_grid_24,rigid_spacer_PEG,24,24,0.27778,9,0.92614,0.31804,0.03056,0.77054
7,broad_grid_24,rigid_spacer_PEG,24,19,0.33333,9,0.96647,0.22657,0.00857,0.85442
8,broad_grid_24,rigid_spacer_PEG,24,16,0.33333,8,0.95268,0.29232,0.01443,0.80933
9,broad_grid_24,rigid_spacer_PEG,24,16,0.27778,10,0.94263,0.27022,0.01378,0.81134
10,broad_grid_24,rigid_spacer_PEG,24,22,0.27778,12,0.96658,0.17906,0.01520,0.87536
11,broad_grid_24,rigid_spacer_PEG,24,23,0.33333,8,0.95575,0.24432,0.03898,0.82755
12,broad_grid_24,rigid_spacer_PEG,24,15,0.33333,9,0.96194,0.25078,0.04577,0.82785
13,broad_grid_24,rigid_spacer_PEG,24,15,0.27778,9,0.93867,0.33562,0.03728,0.77096
14,broad_grid_24,rigid_spacer_PEG,24,10,0.27778,12,0.96899,0.16334,0.05613,0.87237
15,broad_grid_24,rigid_spacer_PEG,24,23,0.27778,11,0.96011,0.25594,0.03127,0.82808
16,broad_grid_24,rigid_spacer_PEG,24,24,0.33333,8,0.95652,0.22973,0.03369,0.83667
17,broad_grid_24,rigid_spacer_PEG,24,22,0.11111,16,0.81060,0.44205,0.02676,0.62552
18,broad_grid_24,rigid_spacer_PEG,24,19,0.44444,8,0.98645,0.08874,0.03818,0.93009
19,broad_grid_24,rigid_spacer_PEG,24,24,0.33333,8,0.94735,0.28720,0.01427,0.80726
20,broad_grid_24,rigid_spacer_PEG,24,14,0.38889,10,0.99037,0.07843,0.00856,0.94868
21,broad_grid_24,rigid_spacer_PEG,24,18,0.50000,6,0.97911,0.13317,0.01348,0.90961
22,broad_grid_24,rigid_spacer_PEG,24,22,0.22222,12,0.94240,0.33694,0.03007,0.77539
23,broad_grid_24,rigid_spacer_PEG,24,15,0.22222,15,0.97163,0.18283,0.04028,0.87036
24,broad_grid_24,rigid_spacer_PEG,24,20,0.27778,10,0.95740,0.22119,0.02868,0.84297
25,broad_grid_24,rigid_spacer_PEG,24,22,0.16667,13,0.89308,0.45843,0.05891,0.67418
26,broad_grid_24,rigid_spacer_PEG,24,19,0.50000,8,0.99496,0.05494,0.02097,0.96053
27,broad_grid_24,rigid_spacer_PEG,24,24,0.44444,6,0.96217,0.20619,0.01184,0.85939
28,broad_grid_24,rigid_spacer_PEG,24,18,0.22222,11,0.92438,0.35671,0.02034,0.75410
29,broad_grid_24,rigid_spacer_PEG,24,18,0.16667,14,0.89635,0.47474,0.05682,0.66999
30,broad_grid_24,rigid_spacer_PEG,24,23,0.44444,6,0.96314,0.19842,0.03464,0.85707
31,broad_grid_24,rigid_spacer_PEG,24,17,0.11111,16,0.79857,0.17259,0.01920,0.72476
32,broad_grid_24,rigid_spacer_PEG,24,14,0.16667,16,0.91239,0.32543,0.05613,0.74893
33,broad_grid_24,rigid_spacer_PEG,24,23,0.16667,15,0.92391,0.39264,0.02996,0.73474
34,broad_grid_24,rigid_spacer_PEG,24,21,0.50000,7,0.98845,0.07899,0.02461,0.94123
35,broad_grid_24,rigid_spacer_PEG,24,24,0.33333,8,0.95379,0.27771,0.03779,0.81049
36,broad_grid_24,rigid_spacer_PEG,24,23,0.16667,15,0.92026,0.36944,0.03923,0.73997
1,triple_ring_24,rigid_spacer_PEG,24,21,0.22222,11,0.92927,0.38929,0.03166,0.74010
2,triple_ring_24,rigid_spacer_PEG,24,22,0.16667,15,0.91965,0.39737,0.03552,0.72777
3,triple_ring_24,rigid_spacer_PEG,24,22,0.27778,12,0.97375,0.15271,0.01693,0.89407
4,triple_ring_24,rigid_spacer_PEG,24,18,0.22222,11,0.93317,0.32979,0.04626,0.76667
5,triple_ring_24,rigid_spacer_PEG,24,20,0.22222,14,0.95419,0.20837,0.05088,0.83955
6,triple_ring_24,rigid_spacer_PEG,24,22,0.33333,8,0.94582,0.28841,0.02805,0.80149
7,triple_ring_24,rigid_spacer_PEG,24,20,0.33333,9,0.96647,0.22657,0.00857,0.85442
8,triple_ring_24,rigid_spacer_PEG,24,15,0.16667,14,0.90050,0.45398,0.02222,0.69068
9,triple_ring_24,rigid_spacer_PEG,24,18,0.16667,16,0.90847,0.39590,0.02008,0.72352
10,triple_ring_24,rigid_spacer_PEG,24,19,0.38889,9,0.98110,0.13755,0.01217,0.90973
11,triple_ring_24,rigid_spacer_PEG,24,24,0.27778,10,0.95494,0.29543,0.04590,0.80080
12,triple_ring_24,rigid_spacer_PEG,24,13,0.22222,12,0.92742,0.31953,0.05688,0.76374
13,triple_ring_24,rigid_spacer_PEG,24,19,0.22222,11,0.92643,0.39333,0.04335,0.73294
14,triple_ring_24,rigid_spacer_PEG,24,17,0.33333,10,0.97448,0.13810,0.04884,0.89169
15,triple_ring_24,rigid_spacer_PEG,24,20,0.05556,16,0.54909,0.34949,0.04219,0.44645
16,triple_ring_24,rigid_spacer_PEG,24,24,0.22222,12,0.94338,0.32397,0.04565,0.77793
17,triple_ring_24,rigid_spacer_PEG,24,22,0.33333,8,0.95174,0.25304,0.01558,0.82679
18,triple_ring_24,rigid_spacer_PEG,24,22,0.38889,9,0.98211,0.09926,0.04158,0.91979
19,triple_ring_24,rigid_spacer_PEG,24,24,0.33333,8,0.94735,0.28720,0.01427,0.80726
20,triple_ring_24,rigid_spacer_PEG,24,18,0.44444,9,0.99330,0.07087,0.00791,0.95545
21,triple_ring_24,rigid_spacer_PEG,24,18,0.44444,7,0.97742,0.15357,0.01497,0.89765
22,triple_ring_24,rigid_spacer_PEG,24,21,0.22222,12,0.94240,0.33694,0.03007,0.77539
23,triple_ring_24,rigid_spacer_PEG,24,16,0.22222,15,0.97163,0.18283,0.04028,0.87036
24,triple_ring_24,rigid_spacer_PEG,24,18,0.27778,10,0.95740,0.22119,0.02868,0.84297
25,triple_ring_24,rigid_spacer_PEG,24,20,0.11111,16,0.82729,0.52990,0.06957,0.59329
26,triple_ring_24,rigid_spacer_PEG,24,17,0.33333,12,0.98961,0.08127,0.02848,0.93993
27,triple_ring_24,rigid_spacer_PEG,24,24,0.16667,15,0.90138,0.43858,0.02354,0.69792
28,triple_ring_24,rigid_spacer_PEG,24,21,0.22222,11,0.92438,0.35671,0.02034,0.75410
29,triple_ring_24,rigid_spacer_PEG,24,20,0.16667,14,0.89635,0.47474,0.05682,0.66999
30,triple_ring_24,rigid_spacer_PEG,24,24,0.38889,7,0.95910,0.22743,0.03841,0.83861
31,triple_ring_24,rigid_spacer_PEG,24,15,0.11111,16,0.79857,0.17259,0.01920,0.72476
32,triple_ring_24,rigid_spacer_PEG,24,19,0.22222,13,0.93986,0.27375,0.04748,0.79774
33,triple_ring_24,rigid_spacer_PEG,24,22,0.16667,15,0.92391,0.39264,0.02996,0.73474
34,triple_ring_24,rigid_spacer_PEG,24,21,0.33333,11,0.98087,0.12129,0.03429,0.91033
35,triple_ring_24,rigid_spacer_PEG,24,24,0.22222,11,0.92395,0.36067,0.04785,0.74465
36,triple_ring_24,rigid_spacer_PEG,24,20,0.11111,16,0.82405,0.38853,0.04136,0.65436
1,sunflower_20,rigid_spacer_PEG,20,19,0.55556,5,0.98097,0.16980,0.01821,0.89197
2,sunflower_20,rigid_spacer_PEG,20,16,0.16667,16,0.93104,0.36167,0.03746,0.75267
3,sunflower_20,rigid_spacer_PEG,20,18,0.11111,16,0.82250,0.16800,0.02139,0.74777
4,sunflower_20,rigid_spacer_PEG,20,16,0.11111,16,0.83935,0.38342,0.06225,0.66366
5,sunflower_20,rigid_spacer_PEG,20,19,0.33333,10,0.97455,0.12968,0.03915,0.89887
6,sunflower_20,rigid_spacer_PEG,20,19,0.11111,16,0.78778,0.43167,0.04796,0.60738
7,sunflower_20,rigid_spacer_PEG,20,15,0.16667,16,0.92484,0.31594,0.01354,0.77505
8,sunflower_20,rigid_spacer_PEG,20,16,0.22222,12,0.93673,0.34991,0.01963,0.76754
9,sunflower_20,rigid_spacer_PEG,20,16,0.11111,16,0.78840,0.34223,0.02008,0.64890
10,sunflower_20,rigid_spacer_PEG,20,18,0.38889,9,0.98110,0.11587,0.01217,0.92032
11,sunflower_20,rigid_spacer_PEG,20,19,0.27778,10,0.95494,0.25245,0.04590,0.82099
12,sunflower_20,rigid_spacer_PEG,20,10,0.11111,16,0.79368,0.34727,0.07149,0.63946
13,sunflower_20,rigid_spacer_PEG,20,15,0.33333,8,0.95516,0.26046,0.03422,0.82081
14,sunflower_20,rigid_spacer_PEG,20,16,0.11111,16,0.80445,0.17955,0.07056,0.71415
15,sunflower_20,rigid_spacer_PEG,20,14,0.27778,11,0.96011,0.21792,0.03127,0.84613
16,sunflower_20,rigid_spacer_PEG,20,20,0.27778,10,0.95589,0.23749,0.03969,0.83068
17,sunflower_20,rigid_spacer_PEG,20,19,0.27778,10,0.94991,0.26138,0.01839,0.82045
18,sunflower_20,rigid_spacer_PEG,20,13,0.33333,11,0.98122,0.10091,0.04834,0.91595
19,sunflower_20,rigid_spacer_PEG,20,20,0.27778,10,0.94437,0.29630,0.01684,0.79972
20,sunflower_20,rigid_spacer_PEG,20,18,0.33333,12,0.98935,0.07838,0.00987,0.94729
21,sunflower_20,rigid_spacer_PEG,20,17,0.33333,10,0.97344,0.17970,0.01941,0.87996
22,sunflower_20,rigid_spacer_PEG,20,20,0.22222,12,0.94240,0.28925,0.03007,0.79763
23,sunflower_20,rigid_spacer_PEG,20,15,0.22222,15,0.97163,0.15471,0.04028,0.88383
24,sunflower_20,rigid_spacer_PEG,20,8,0.16667,16,0.93810,0.28296,0.04164,0.79364
25,sunflower_20,rigid_spacer_PEG,20,18,0.05556,16,0.57427,0.46555,0.06957,0.42987
26,sunflower_20,rigid_spacer_PEG,20,17,0.44444,9,0.99345,0.05157,0.02285,0.96009
27,sunflower_20,rigid_spacer_PEG,20,20,0.33333,9,0.96231,0.25002,0.01576,0.83737
28,sunflower_20,rigid_spacer_PEG,20,14,0.11111,16,0.81969,0.41312,0.02751,0.64411
29,sunflower_20,rigid_spacer_PEG,20,18,0.11111,16,0.80808,0.45710,0.06329,0.60958
30,sunflower_20,rigid_spacer_PEG,20,20,0.27778,10,0.94685,0.26378,0.04964,0.80769
31,sunflower_20,rigid_spacer_PEG,20,15,0.22222,16,0.96614,0.14591,0.01920,0.88963
32,sunflower_20,rigid_spacer_PEG,20,14,0.11111,16,0.79420,0.27919,0.05613,0.66991
33,sunflower_20,rigid_spacer_PEG,20,18,0.27778,10,0.95592,0.24137,0.02173,0.83416
34,sunflower_20,rigid_spacer_PEG,20,17,0.44444,8,0.98624,0.07530,0.02704,0.94013
35,sunflower_20,rigid_spacer_PEG,20,20,0.27778,10,0.95249,0.28661,0.04451,0.80328
36,sunflower_20,rigid_spacer_PEG,20,19,0.16667,16,0.93164,0.33559,0.04136,0.76409
1,sunflower_24,rigid_spacer_PEG,24,23,0.44444,6,0.96786,0.23584,0.02047,0.84761
2,sunflower_24,rigid_spacer_PEG,24,20,0.22222,12,0.94053,0.33313,0.02969,0.77573
3,sunflower_24,rigid_spacer_PEG,24,22,0.27778,12,0.97375,0.15271,0.01693,0.89407
4,sunflower_24,rigid_spacer_PEG,24,18,0.27778,9,0.94368,0.27921,0.03978,0.80063
5,sunflower_24,rigid_spacer_PEG,24,22,0.33333,10,0.97455,0.15372,0.03915,0.88732
6,sunflower_24,rigid_spacer_PEG,24,23,0.16667,14,0.88264,0.44868,0.04302,0.67433
7,sunflower_24,rigid_spacer_PEG,24,23,0.33333,9,0.96647,0.22657,0.00857,0.85442
8,sunflower_24,rigid_spacer_PEG,24,14,0.11111,16,0.81435,0.49920,0.02480,0.60578
9,sunflower_24,rigid_spacer_PEG,24,21,0.27778,10,0.94263,0.27022,0.01378,0.81134
10,sunflower_24,rigid_spacer_PEG,24,20,0.22222,15,0.95851,0.21857,0.01821,0.84832
11,sunflower_24,rigid_spacer_PEG,24,24,0.16667,15,0.92189,0.40860,0.06299,0.71738
12,sunflower_24,rigid_spacer_PEG,24,14,0.27778,10,0.94440,0.27444,0.04948,0.80069
13,sunflower_24,rigid_spacer_PEG,24,13,0.33333,8,0.95516,0.30474,0.03422,0.79992
14,sunflower_24,rigid_spacer_PEG,24,16,0.16667,16,0.91918,0.21163,0.07056,0.80162
15,sunflower_24,rigid_spacer_PEG,24,23,0.11111,16,0.80506,0.34949,0.04219,0.65457
16,sunflower_24,rigid_spacer_PEG,24,23,0.44444,6,0.96773,0.17779,0.02765,0.87317
17,sunflower_24,rigid_spacer_PEG,24,20,0.22222,12,0.93508,0.35443,0.02119,0.76366
18,sunflower_24,rigid_spacer_PEG,24,23,0.33333,11,0.98122,0.11995,0.04834,0.90677
19,sunflower_24,rigid_spacer_PEG,24,24,0.27778,9,0.92819,0.31674,0.01555,0.77694
20,sunflower_24,rigid_spacer_PEG,24,14,0.44444,9,0.99330,0.07087,0.00791,0.95545
21,sunflower_24,rigid_spacer_PEG,24,17,0.38889,8,0.97262,0.17349,0.01645,0.88313
22,sunflower_24,rigid_spacer_PEG,24,21,0.22222,12,0.94240,0.33694,0.03007,0.77539
23,sunflower_24,rigid_spacer_PEG,24,17,0.16667,16,0.93616,0.19376,0.04247,0.83289
24,sunflower_24,rigid_spacer_PEG,24,18,0.38889,8,0.97847,0.18126,0.02432,0.88222
25,sunflower_24,rigid_spacer_PEG,24,19,0.16667,13,0.89308,0.45843,0.05891,0.67418
26,sunflower_24,rigid_spacer_PEG,24,20,0.50000,8,0.99496,0.05494,0.02097,0.96053
27,sunflower_24,rigid_spacer_PEG,24,23,0.33333,8,0.94778,0.26500,0.01445,0.81804
28,sunflower_24,rigid_spacer_PEG,24,21,0.16667,14,0.90400,0.42963,0.02465,0.70368
29,sunflower_24,rigid_spacer_PEG,24,22,0.11111,16,0.80808,0.52090,0.06329,0.58438
30,sunflower_24,rigid_spacer_PEG,24,23,0.44444,6,0.96314,0.19842,0.03464,0.85707
31,sunflower_24,rigid_spacer_PEG,24,20,0.11111,16,0.79857,0.17259,0.01920,0.72476
32,sunflower_24,rigid_spacer_PEG,24,17,0.05556,16,0.53730,0.32543,0.05613,0.44104
33,sunflower_24,rigid_spacer_PEG,24,23,0.05556,16,0.57724,0.41250,0.03159,0.45312
34,sunflower_24,rigid_spacer_PEG,24,20,0.33333,11,0.98087,0.12129,0.03429,0.91033
35,sunflower_24,rigid_spacer_PEG,24,23,0.33333,8,0.95379,0.27771,0.03779,0.81049
36,sunflower_24,rigid_spacer_PEG,24,22,0.11111,16,0.82405,0.38853,0.04136,0.65436
1,four_patch_24,rigid_spacer_PEG,24,22,0.50000,5,0.96634,0.20080,0.01821,0.86377
2,four_patch_24,rigid_spacer_PEG,24,21,0.16667,15,0.91965,0.39737,0.03552,0.72777
3,four_patch_24,rigid_spacer_PEG,24,18,0.16667,16,0.93067,0.19825,0.02139,0.83214
4,four_patch_24,rigid_spacer_PEG,24,18,0.27778,9,0.94368,0.27921,0.03978,0.80063
5,four_patch_24,rigid_spacer_PEG,24,22,0.16667,16,0.91941,0.23436,0.05670,0.79557
6,four_patch_24,rigid_spacer_PEG,24,24,0.27778,9,0.92614,0.31804,0.03056,0.77054
7,four_patch_24,rigid_spacer_PEG,24,21,0.22222,13,0.94807,0.31003,0.01142,0.79791
8,four_patch_24,rigid_spacer_PEG,24,14,0.22222,11,0.92194,0.37838,0.01833,0.74272
9,four_patch_24,rigid_spacer_PEG,24,18,0.16667,16,0.90847,0.39590,0.02008,0.72352
10,four_patch_24,rigid_spacer_PEG,24,21,0.44444,8,0.98570,0.12325,0.01117,0.92134
11,four_patch_24,rigid_spacer_PEG,24,24,0.22222,12,0.94205,0.34309,0.05278,0.76603
12,four_patch_24,rigid_spacer_PEG,24,17,0.27778,10,0.94440,0.27444,0.04948,0.80069
13,four_patch_24,rigid_spacer_PEG,24,13,0.11111,16,0.82423,0.51661,0.05838,0.59883
14,four_patch_24,rigid_spacer_PEG,24,15,0.22222,15,0.96190,0.19982,0.06698,0.84550
15,four_patch_24,rigid_spacer_PEG,24,22,0.22222,13,0.94461,0.29487,0.03565,0.79529
16,four_patch_24,rigid_spacer_PEG,24,24,0.33333,8,0.95652,0.22973,0.03369,0.83667
17,four_patch_24,rigid_spacer_PEG,24,24,0.33333,8,0.95174,0.25304,0.01558,0.82679
18,four_patch_24,rigid_spacer_PEG,24,22,0.16667,16,0.91804,0.16961,0.06503,0.82106
19,four_patch_24,rigid_spacer_PEG,24,24,0.33333,8,0.94735,0.28720,0.01427,0.80726
20,four_patch_24,rigid_spacer_PEG,24,15,0.27778,14,0.98522,0.10805,0.01118,0.92834
21,four_patch_24,rigid_spacer_PEG,24,19,0.27778,11,0.95840,0.23049,0.02089,0.84175
22,four_patch_24,rigid_spacer_PEG,24,21,0.11111,16,0.82745,0.42181,0.03794,0.64427
23,four_patch_24,rigid_spacer_PEG,24,18,0.33333,10,0.97971,0.12594,0.02926,0.90862
24,four_patch_24,rigid_spacer_PEG,24,14,0.11111,16,0.83470,0.32967,0.04164,0.68696
25,four_patch_24,rigid_spacer_PEG,24,22,0.22222,11,0.92781,0.40485,0.05174,0.72659
26,four_patch_24,rigid_spacer_PEG,24,19,0.27778,14,0.98560,0.09416,0.03222,0.92861
27,four_patch_24,rigid_spacer_PEG,24,23,0.22222,12,0.92814,0.36987,0.01966,0.75129
28,four_patch_24,rigid_spacer_PEG,24,17,0.22222,11,0.92438,0.35671,0.02034,0.75410
29,four_patch_24,rigid_spacer_PEG,24,22,0.22222,11,0.91906,0.39703,0.04704,0.72449
30,four_patch_24,rigid_spacer_PEG,24,24,0.38889,7,0.95910,0.22743,0.03841,0.83861
31,four_patch_24,rigid_spacer_PEG,24,17,0.05556,16,0.54201,0.17259,0.01920,0.49191
32,four_patch_24,rigid_spacer_PEG,24,14,0.05556,16,0.53730,0.32543,0.05613,0.44104
33,four_patch_24,rigid_spacer_PEG,24,23,0.05556,16,0.57724,0.41250,0.03159,0.45312
34,four_patch_24,rigid_spacer_PEG,24,16,0.44444,8,0.98624,0.08975,0.02704,0.93307
35,four_patch_24,rigid_spacer_PEG,24,24,0.33333,8,0.95379,0.27771,0.03779,0.81049
36,four_patch_24,rigid_spacer_PEG,24,23,0.05556,16,0.57051,0.38853,0.04136,0.45302
1,rescue_24,mixed_spacer_antifouling,24,24,0.55556,5,0.98137,0.12478,0.01481,0.91537
2,rescue_24,mixed_spacer_antifouling,24,21,0.38889,8,0.97756,0.14868,0.01779,0.89925
3,rescue_24,mixed_spacer_antifouling,24,24,0.11111,16,0.82849,0.12384,0.01741,0.77246
4,rescue_24,mixed_spacer_antifouling,24,18,0.27778,11,0.97036,0.21207,0.03770,0.85602
5,rescue_24,mixed_spacer_antifouling,24,23,0.27778,13,0.97842,0.12168,0.03911,0.90631
6,rescue_24,mixed_spacer_antifouling,24,24,0.16667,16,0.91760,0.33290,0.03911,0.75440
7,rescue_24,mixed_spacer_antifouling,24,20,0.22222,15,0.96817,0.22543,0.01044,0.85591
8,rescue_24,mixed_spacer_antifouling,24,13,0.16667,16,0.93054,0.33723,0.02019,0.76817
9,rescue_24,mixed_spacer_antifouling,24,19,0.11111,16,0.80252,0.25955,0.01634,0.69438
10,rescue_24,mixed_spacer_antifouling,24,22,0.38889,10,0.98860,0.09365,0.01072,0.93877
11,rescue_24,mixed_spacer_antifouling,24,23,0.33333,9,0.97053,0.17119,0.03458,0.87672
12,rescue_24,mixed_spacer_antifouling,24,16,0.22222,14,0.95489,0.23490,0.05242,0.82728
13,rescue_24,mixed_spacer_antifouling,24,21,0.16667,16,0.93516,0.35091,0.04764,0.75822
14,rescue_24,mixed_spacer_antifouling,24,19,0.22222,16,0.97190,0.13259,0.05764,0.88916
15,rescue_24,mixed_spacer_antifouling,24,21,0.16667,16,0.92610,0.22633,0.03439,0.81141
16,rescue_24,mixed_spacer_antifouling,24,24,0.38889,8,0.97837,0.14408,0.02743,0.89917
17,rescue_24,mixed_spacer_antifouling,24,21,0.22222,14,0.95998,0.26221,0.01952,0.82843
18,rescue_24,mixed_spacer_antifouling,24,16,0.11111,16,0.81341,0.10529,0.05310,0.75627
19,rescue_24,mixed_spacer_antifouling,24,24,0.22222,13,0.94521,0.27912,0.01683,0.80851
20,rescue_24,mixed_spacer_antifouling,24,21,0.33333,13,0.99309,0.06162,0.00856,0.95960
21,rescue_24,mixed_spacer_antifouling,24,18,0.27778,12,0.97073,0.15690,0.01820,0.88888
22,rescue_24,mixed_spacer_antifouling,24,24,0.16667,16,0.93665,0.27853,0.03091,0.79748
23,rescue_24,mixed_spacer_antifouling,24,16,0.27778,14,0.98733,0.10664,0.03103,0.92453
24,rescue_24,mixed_spacer_antifouling,24,20,0.33333,10,0.98086,0.13864,0.02335,0.90541
25,rescue_24,mixed_spacer_antifouling,24,22,0.16667,15,0.92536,0.34333,0.05391,0.75205
26,rescue_24,mixed_spacer_antifouling,24,17,0.50000,8,0.99524,0.03329,0.01706,0.97283
27,rescue_24,mixed_spacer_antifouling,24,23,0.38889,8,0.97405,0.16748,0.01175,0.88881
28,rescue_24,mixed_spacer_antifouling,24,19,0.22222,13,0.95346,0.26678,0.01889,0.82081
29,rescue_24,mixed_spacer_antifouling,24,20,0.11111,16,0.81750,0.35431,0.05167,0.66051
30,rescue_24,mixed_spacer_antifouling,24,23,0.16667,16,0.92420,0.29619,0.05859,0.77119
31,rescue_24,mixed_spacer_antifouling,24,19,0.05556,16,0.55485,0.10721,0.01562,0.52224
32,rescue_24,mixed_spacer_antifouling,24,16,0.33333,10,0.97498,0.13662,0.03157,0.89835
33,rescue_24,mixed_spacer_antifouling,24,23,0.16667,16,0.93774,0.27167,0.02573,0.80306
34,rescue_24,mixed_spacer_antifouling,24,22,0.44444,9,0.99237,0.06136,0.02398,0.95384
35,rescue_24,mixed_spacer_antifouling,24,24,0.44444,7,0.98088,0.15584,0.02802,0.89559
36,rescue_24,mixed_spacer_antifouling,24,23,0.11111,16,0.82968,0.25422,0.03371,0.71568
1,hybrid_24,mixed_spacer_antifouling,24,24,0.66667,4,0.98678,0.10114,0.01297,0.93262
2,hybrid_24,mixed_spacer_antifouling,24,17,0.33333,9,0.96995,0.16564,0.01939,0.88358
3,hybrid_24,mixed_spacer_antifouling,24,21,0.22222,16,0.97637,0.12384,0.01741,0.91034
4,hybrid_24,mixed_spacer_antifouling,24,21,0.33333,9,0.97260,0.17718,0.03240,0.87638
5,hybrid_24,mixed_spacer_antifouling,24,22,0.27778,13,0.97842,0.12168,0.03911,0.90631
6,hybrid_24,mixed_spacer_antifouling,24,24,0.22222,13,0.94330,0.28029,0.03303,0.80172
7,hybrid_24,mixed_spacer_antifouling,24,19,0.22222,15,0.96817,0.22543,0.01044,0.85591
8,hybrid_24,mixed_spacer_antifouling,24,14,0.16667,16,0.93054,0.33723,0.02019,0.76817
9,hybrid_24,mixed_spacer_antifouling,24,17,0.22222,14,0.95325,0.23121,0.01463,0.83873
10,hybrid_24,mixed_spacer_antifouling,24,22,0.16667,16,0.92160,0.14558,0.01563,0.84984
11,hybrid_24,mixed_spacer_antifouling,24,23,0.27778,11,0.96773,0.20506,0.04023,0.85628
12,hybrid_24,mixed_spacer_antifouling,24,17,0.27778,11,0.96055,0.18972,0.04337,0.85624
13,hybrid_24,mixed_spacer_antifouling,24,17,0.33333,9,0.97014,0.21581,0.03036,0.85626
14,hybrid_24,mixed_spacer_antifouling,24,21,0.27778,13,0.97835,0.10915,0.04877,0.90917
15,hybrid_24,mixed_spacer_antifouling,24,23,0.22222,15,0.96594,0.21382,0.03261,0.85282
16,hybrid_24,mixed_spacer_antifouling,24,24,0.11111,16,0.83403,0.26741,0.04690,0.71066
17,hybrid_24,mixed_spacer_antifouling,24,21,0.22222,14,0.95998,0.26221,0.01952,0.82843
18,hybrid_24,mixed_spacer_antifouling,24,22,0.22222,16,0.97145,0.10529,0.05310,0.90320
19,hybrid_24,mixed_spacer_antifouling,24,24,0.05556,16,0.55065,0.33157,0.01995,0.45616
20,hybrid_24,mixed_spacer_antifouling,24,20,0.38889,11,0.99420,0.05240,0.00750,0.96561
21,hybrid_24,mixed_spacer_antifouling,24,16,0.44444,8,0.98733,0.10755,0.01338,0.92986
22,hybrid_24,mixed_spacer_antifouling,24,24,0.22222,13,0.95582,0.23298,0.02610,0.83676
23,hybrid_24,mixed_spacer_antifouling,24,21,0.16667,16,0.93848,0.12092,0.03462,0.87106
24,hybrid_24,mixed_spacer_antifouling,24,16,0.22222,14,0.96679,0.18855,0.03042,0.86632
25,hybrid_24,mixed_spacer_antifouling,24,20,0.11111,16,0.83216,0.36148,0.05682,0.66819
26,hybrid_24,mixed_spacer_antifouling,24,19,0.33333,13,0.99325,0.05353,0.02471,0.95830
27,hybrid_24,mixed_spacer_antifouling,24,24,0.38889,8,0.97405,0.16748,0.01175,0.88881
28,hybrid_24,mixed_spacer_antifouling,24,21,0.11111,16,0.82635,0.31745,0.02240,0.68974
29,hybrid_24,mixed_spacer_antifouling,24,22,0.22222,13,0.94985,0.29912,0.04370,0.79544
30,hybrid_24,mixed_spacer_antifouling,24,23,0.55556,5,0.97917,0.10396,0.02510,0.92012
31,hybrid_24,mixed_spacer_antifouling,24,18,0.11111,16,0.81026,0.10721,0.01562,0.76264
32,hybrid_24,mixed_spacer_antifouling,24,16,0.22222,15,0.96285,0.19776,0.04344,0.85445
33,hybrid_24,mixed_spacer_antifouling,24,23,0.11111,16,0.83409,0.27167,0.02573,0.71431
34,hybrid_24,mixed_spacer_antifouling,24,20,0.44444,9,0.99237,0.06136,0.02398,0.95384
35,hybrid_24,mixed_spacer_antifouling,24,23,0.27778,11,0.96607,0.23372,0.03901,0.84152
36,hybrid_24,mixed_spacer_antifouling,24,21,0.22222,14,0.96385,0.22636,0.03022,0.84572
1,broad_grid_20,mixed_spacer_antifouling,20,19,0.33333,9,0.97118,0.18084,0.02213,0.87652
2,broad_grid_20,mixed_spacer_antifouling,20,19,0.16667,16,0.93463,0.23496,0.03052,0.81602
3,broad_grid_20,mixed_spacer_antifouling,20,18,0.00000,1,0.00000,0.00686,0.00369,0.00000
4,broad_grid_20,mixed_spacer_antifouling,20,15,0.11111,16,0.84138,0.25053,0.05082,0.72290
5,broad_grid_20,mixed_spacer_antifouling,20,20,0.22222,16,0.97199,0.12450,0.04627,0.89672
6,broad_grid_20,mixed_spacer_antifouling,20,20,0.22222,14,0.95305,0.25513,0.03506,0.82127
7,broad_grid_20,mixed_spacer_antifouling,20,20,0.27778,12,0.97347,0.15638,0.00871,0.89462
8,broad_grid_20,mixed_spacer_antifouling,20,8,0.11111,16,0.82228,0.28968,0.02019,0.69821
9,broad_grid_20,mixed_spacer_antifouling,20,15,0.27778,12,0.96846,0.17099,0.01292,0.88165
10,broad_grid_20,mixed_spacer_antifouling,20,18,0.50000,8,0.99392,0.06340,0.00908,0.95936
11,broad_grid_20,mixed_spacer_antifouling,20,19,0.27778,11,0.96773,0.17379,0.04023,0.87120
12,broad_grid_20,mixed_spacer_antifouling,20,13,0.33333,10,0.97490,0.14710,0.04034,0.89044
13,broad_grid_20,mixed_spacer_antifouling,20,11,0.38889,8,0.97770,0.16445,0.02786,0.88855
14,broad_grid_20,mixed_spacer_antifouling,20,10,0.05556,16,0.55987,0.11170,0.05764,0.51794
15,broad_grid_20,mixed_spacer_antifouling,20,17,0.27778,13,0.97846,0.15930,0.02904,0.89138
16,broad_grid_20,mixed_spacer_antifouling,20,20,0.22222,14,0.96543,0.20270,0.04207,0.85481
17,broad_grid_20,mixed_spacer_antifouling,20,20,0.22222,14,0.95998,0.22349,0.01952,0.84688
18,broad_grid_20,mixed_spacer_antifouling,20,18,0.22222,16,0.97145,0.08849,0.05310,0.91121
19,broad_grid_20,mixed_spacer_antifouling,20,20,0.27778,11,0.96053,0.20570,0.01474,0.85730
20,broad_grid_20,mixed_spacer_antifouling,20,16,0.38889,11,0.99420,0.04384,0.00750,0.96986
21,broad_grid_20,mixed_spacer_antifouling,20,17,0.38889,9,0.98328,0.10106,0.01459,0.92883
22,broad_grid_20,mixed_spacer_antifouling,20,20,0.16667,16,0.93665,0.23783,0.03091,0.81634
23,broad_grid_20,mixed_spacer_antifouling,20,14,0.33333,12,0.99080,0.07734,0.02743,0.94334
24,broad_grid_20,mixed_spacer_antifouling,20,10,0.22222,15,0.97372,0.16999,0.03218,0.88092
25,broad_grid_20,mixed_spacer_antifouling,20,17,0.16667,16,0.93657,0.31131,0.05682,0.77506
26,broad_grid_20,mixed_spacer_antifouling,20,16,0.38889,11,0.99432,0.03804,0.02166,0.96802
27,broad_grid_20,mixed_spacer_antifouling,20,19,0.22222,14,0.95537,0.23418,0.01811,0.83816
28,broad_grid_20,mixed_spacer_antifouling,20,19,0.11111,16,0.82635,0.27212,0.02240,0.70832
29,broad_grid_20,mixed_spacer_antifouling,20,18,0.11111,16,0.81750,0.30489,0.05167,0.68035
30,broad_grid_20,mixed_spacer_antifouling,20,20,0.50000,6,0.98055,0.10378,0.02819,0.92050
31,broad_grid_20,mixed_spacer_antifouling,20,14,0.05556,16,0.55485,0.09012,0.01562,0.52695
32,broad_grid_20,mixed_spacer_antifouling,20,16,0.11111,16,0.80694,0.17768,0.04580,0.72346
33,broad_grid_20,mixed_spacer_antifouling,20,20,0.11111,16,0.83409,0.23182,0.02573,0.73078
34,broad_grid_20,mixed_spacer_antifouling,20,17,0.22222,16,0.97094,0.08950,0.03771,0.91525
35,broad_grid_20,mixed_spacer_antifouling,20,20,0.16667,16,0.93261,0.27532,0.05257,0.78943
36,broad_grid_20,mixed_spacer_antifouling,20,19,0.16667,16,0.93508,0.21656,0.03371,0.82399
1,broad_grid_24,mixed_spacer_antifouling,24,24,0.38889,8,0.97847,0.19204,0.02031,0.87822
2,broad_grid_24,mixed_spacer_antifouling,24,17,0.11111,16,0.82894,0.27525,0.03052,0.70722
3,broad_grid_24,mixed_spacer_antifouling,24,22,0.16667,16,0.93436,0.12384,0.01741,0.87116
4,broad_grid_24,mixed_spacer_antifouling,24,21,0.27778,11,0.97036,0.21207,0.03770,0.85602
5,broad_grid_24,mixed_spacer_antifouling,24,24,0.22222,16,0.97199,0.14759,0.04627,0.88569
6,broad_grid_24,mixed_spacer_antifouling,24,24,0.22222,13,0.94330,0.28029,0.03303,0.80172
7,broad_grid_24,mixed_spacer_antifouling,24,19,0.27778,12,0.97347,0.18483,0.00871,0.88082
8,broad_grid_24,mixed_spacer_antifouling,24,18,0.22222,13,0.95181,0.28409,0.01703,0.81174
9,broad_grid_24,mixed_spacer_antifouling,24,19,0.27778,12,0.96846,0.20178,0.01292,0.86681
10,broad_grid_24,mixed_spacer_antifouling,24,22,0.33333,12,0.98710,0.11130,0.01236,0.92814
11,broad_grid_24,mixed_spacer_antifouling,24,24,0.22222,13,0.95557,0.23755,0.04584,0.82856
12,broad_grid_24,mixed_spacer_antifouling,24,17,0.33333,10,0.97490,0.17407,0.04034,0.87749
13,broad_grid_24,mixed_spacer_antifouling,24,19,0.38889,8,0.97770,0.19434,0.02786,0.87408
14,broad_grid_24,mixed_spacer_antifouling,24,15,0.11111,16,0.81474,0.13259,0.05764,0.74538
15,broad_grid_24,mixed_spacer_antifouling,24,21,0.16667,16,0.92610,0.22633,0.03439,0.81141
16,broad_grid_24,mixed_spacer_antifouling,24,24,0.22222,13,0.95651,0.22339,0.03964,0.83788
17,broad_grid_24,mixed_spacer_antifouling,24,23,0.22222,14,0.95998,0.26221,0.01952,0.82843
18,broad_grid_24,mixed_spacer_antifouling,24,24,0.38889,10,0.98920,0.06717,0.03664,0.94372
19,broad_grid_24,mixed_spacer_antifouling,24,24,0.33333,9,0.96494,0.20275,0.01265,0.86328
20,broad_grid_24,mixed_spacer_antifouling,24,16,0.27778,16,0.99224,0.07530,0.01016,0.95148
21,broad_grid_24,mixed_spacer_antifouling,24,18,0.44444,8,0.98733,0.10755,0.01338,0.92986
22,broad_grid_24,mixed_spacer_antifouling,24,24,0.27778,11,0.96790,0.20104,0.02287,0.86364
23,broad_grid_24,mixed_spacer_antifouling,24,21,0.22222,16,0.97845,0.12092,0.03462,0.90816
24,broad_grid_24,mixed_spacer_antifouling,24,19,0.16667,16,0.93995,0.21242,0.03394,0.83014
25,broad_grid_24,mixed_spacer_antifouling,24,23,0.16667,15,0.92536,0.34333,0.05391,0.75205
26,broad_grid_24,mixed_spacer_antifouling,24,21,0.44444,9,0.99382,0.03737,0.01859,0.96890
27,broad_grid_24,mixed_spacer_antifouling,24,24,0.33333,9,0.96522,0.18634,0.01282,0.87137
28,broad_grid_24,mixed_spacer_antifouling,24,21,0.16667,16,0.93305,0.31745,0.02240,0.77880
29,broad_grid_24,mixed_spacer_antifouling,24,21,0.16667,16,0.92755,0.35431,0.05167,0.74943
30,broad_grid_24,mixed_spacer_antifouling,24,23,0.38889,8,0.97481,0.16107,0.03435,0.88553
31,broad_grid_24,mixed_spacer_antifouling,24,17,0.16667,16,0.92295,0.10721,0.01562,0.86870
32,broad_grid_24,mixed_spacer_antifouling,24,16,0.05556,16,0.55116,0.20946,0.04580,0.48553
33,broad_grid_24,mixed_spacer_antifouling,24,24,0.16667,16,0.93774,0.27167,0.02573,0.80306
34,broad_grid_24,mixed_spacer_antifouling,24,19,0.50000,8,0.99415,0.05473,0.02201,0.95949
35,broad_grid_24,mixed_spacer_antifouling,24,23,0.27778,11,0.96607,0.23372,0.03901,0.84152
36,broad_grid_24,mixed_spacer_antifouling,24,21,0.11111,16,0.82968,0.25422,0.03371,0.71568
1,triple_ring_24,mixed_spacer_antifouling,24,24,0.50000,6,0.98297,0.14780,0.01665,0.90503
2,triple_ring_24,mixed_spacer_antifouling,24,20,0.16667,16,0.93463,0.27525,0.03052,0.79739
3,triple_ring_24,mixed_spacer_antifouling,24,23,0.22222,16,0.97637,0.12384,0.01741,0.91034
4,triple_ring_24,mixed_spacer_antifouling,24,20,0.38889,8,0.97952,0.15915,0.02974,0.89218
5,triple_ring_24,mixed_spacer_antifouling,24,24,0.27778,13,0.97842,0.12168,0.03911,0.90631
6,triple_ring_24,mixed_spacer_antifouling,24,24,0.27778,11,0.95920,0.24294,0.02897,0.83415
7,triple_ring_24,mixed_spacer_antifouling,24,18,0.33333,10,0.97783,0.15659,0.00755,0.89889
8,triple_ring_24,mixed_spacer_antifouling,24,13,0.33333,9,0.96849,0.20656,0.01280,0.86458
9,triple_ring_24,mixed_spacer_antifouling,24,19,0.27778,12,0.96846,0.20178,0.01292,0.86681
10,triple_ring_24,mixed_spacer_antifouling,24,20,0.38889,10,0.98860,0.09365,0.01072,0.93877
11,triple_ring_24,mixed_spacer_antifouling,24,24,0.22222,13,0.95557,0.23755,0.04584,0.82856
12,triple_ring_24,mixed_spacer_antifouling,24,12,0.16667,16,0.92054,0.26361,0.05840,0.78287
13,triple_ring_24,mixed_spacer_antifouling,24,17,0.27778,10,0.95591,0.23671,0.03285,0.83309
14,triple_ring_24,mixed_spacer_antifouling,24,16,0.16667,16,0.92581,0.13259,0.05764,0.84699
15,triple_ring_24,mixed_spacer_antifouling,24,23,0.05556,16,0.56040,0.22633,0.03439,0.49100
16,triple_ring_24,mixed_spacer_antifouling,24,24,0.11111,16,0.83403,0.26741,0.04690,0.71066
17,triple_ring_24,mixed_spacer_antifouling,24,23,0.27778,11,0.96431,0.21253,0.01610,0.85698
18,triple_ring_24,mixed_spacer_antifouling,24,24,0.22222,16,0.97145,0.10529,0.05310,0.90320
19,triple_ring_24,mixed_spacer_antifouling,24,24,0.27778,11,0.96053,0.24190,0.01474,0.84000
20,triple_ring_24,mixed_spacer_antifouling,24,16,0.38889,11,0.99420,0.05240,0.00750,0.96561
21,triple_ring_24,mixed_spacer_antifouling,24,20,0.38889,9,0.98328,0.12015,0.01459,0.91950
22,triple_ring_24,mixed_spacer_antifouling,24,23,0.27778,11,0.96790,0.20104,0.02287,0.86364
23,triple_ring_24,mixed_spacer_antifouling,24,20,0.11111,16,0.83535,0.12092,0.03462,0.77533
24,triple_ring_24,mixed_spacer_antifouling,24,17,0.27778,12,0.97749,0.16397,0.02689,0.88891
25,triple_ring_24,mixed_spacer_antifouling,24,24,0.22222,12,0.94440,0.28570,0.04514,0.79670
26,triple_ring_24,mixed_spacer_antifouling,24,20,0.61111,6,0.99591,0.02507,0.01398,0.97862
27,triple_ring_24,mixed_spacer_antifouling,24,24,0.22222,14,0.95537,0.27442,0.01811,0.81906
28,triple_ring_24,mixed_spacer_antifouling,24,22,0.27778,11,0.96626,0.23092,0.01655,0.84975
29,triple_ring_24,mixed_spacer_antifouling,24,19,0.16667,16,0.92755,0.35431,0.05167,0.74943
30,triple_ring_24,mixed_spacer_antifouling,24,24,0.44444,7,0.97914,0.14245,0.03128,0.89945
31,triple_ring_24,mixed_spacer_antifouling,24,20,0.22222,16,0.97036,0.10721,0.01562,0.91332
32,triple_ring_24,mixed_spacer_antifouling,24,14,0.16667,16,0.92080,0.20946,0.04580,0.81115
33,triple_ring_24,mixed_spacer_antifouling,24,23,0.16667,16,0.93774,0.27167,0.02573,0.80306
34,triple_ring_24,mixed_spacer_antifouling,24,19,0.22222,16,0.97094,0.10647,0.03771,0.90712
35,triple_ring_24,mixed_spacer_antifouling,24,24,0.33333,9,0.96923,0.19572,0.03353,0.86412
36,triple_ring_24,mixed_spacer_antifouling,24,24,0.16667,16,0.93508,0.25422,0.03371,0.80659
1,sunflower_20,mixed_spacer_antifouling,20,19,0.44444,7,0.98202,0.14371,0.01848,0.90556
2,sunflower_20,mixed_spacer_antifouling,20,19,0.44444,7,0.98130,0.11057,0.01618,0.92180
3,sunflower_20,mixed_spacer_antifouling,20,19,0.16667,16,0.93436,0.10425,0.01741,0.88026
4,sunflower_20,mixed_spacer_antifouling,20,11,0.22222,14,0.96804,0.22302,0.04559,0.84637
5,sunflower_20,mixed_spacer_antifouling,20,20,0.11111,16,0.81501,0.12450,0.04627,0.75190
6,sunflower_20,mixed_spacer_antifouling,20,19,0.22222,14,0.95305,0.25513,0.03506,0.82127
7,sunflower_20,mixed_spacer_antifouling,20,17,0.27778,12,0.97347,0.15638,0.00871,0.89462
8,sunflower_20,mixed_spacer_antifouling,20,14,0.33333,9,0.96849,0.17502,0.01280,0.87978
9,sunflower_20,mixed_spacer_antifouling,20,17,0.11111,16,0.80252,0.22122,0.01634,0.70967
10,sunflower_20,mixed_spacer_antifouling,20,18,0.50000,8,0.99392,0.06340,0.00908,0.95936
11,sunflower_20,mixed_spacer_antifouling,20,20,0.11111,16,0.83165,0.24246,0.05420,0.71696
12,sunflower_20,mixed_spacer_antifouling,20,13,0.27778,12,0.96956,0.17382,0.04640,0.87092
13,sunflower_20,mixed_spacer_antifouling,20,17,0.27778,11,0.96723,0.21890,0.03533,0.85071
14,sunflower_20,mixed_spacer_antifouling,20,13,0.11111,16,0.81474,0.11170,0.05764,0.75372
15,sunflower_20,mixed_spacer_antifouling,20,16,0.16667,16,0.92610,0.19229,0.03439,0.82698
16,sunflower_20,mixed_spacer_antifouling,20,20,0.22222,14,0.96543,0.20270,0.04207,0.85481
17,sunflower_20,mixed_spacer_antifouling,20,18,0.27778,12,0.97296,0.19492,0.01724,0.87284
18,sunflower_20,mixed_spacer_antifouling,20,20,0.22222,16,0.97145,0.08849,0.05310,0.91121
19,sunflower_20,mixed_spacer_antifouling,20,20,0.33333,10,0.97489,0.18890,0.01370,0.87858
20,sunflower_20,mixed_spacer_antifouling,20,10,0.38889,11,0.99420,0.04384,0.00750,0.96986
21,sunflower_20,mixed_spacer_antifouling,20,12,0.33333,11,0.98266,0.12210,0.01700,0.91718
22,sunflower_20,mixed_spacer_antifouling,20,20,0.27778,12,0.97617,0.18428,0.02449,0.87863
23,sunflower_20,mixed_spacer_antifouling,20,18,0.22222,16,0.97845,0.10177,0.03462,0.91741
24,sunflower_20,mixed_spacer_antifouling,20,13,0.27778,12,0.97749,0.13848,0.02689,0.90125
25,sunflower_20,mixed_spacer_antifouling,20,18,0.05556,16,0.57998,0.31131,0.05682,0.47997
26,sunflower_20,mixed_spacer_antifouling,20,19,0.50000,8,0.99524,0.02781,0.01706,0.97554
27,sunflower_20,mixed_spacer_antifouling,20,20,0.27778,12,0.96988,0.20442,0.01599,0.86587
28,sunflower_20,mixed_spacer_antifouling,20,16,0.22222,14,0.96261,0.24264,0.02006,0.83988
29,sunflower_20,mixed_spacer_antifouling,20,19,0.22222,13,0.94985,0.25584,0.04370,0.81568
30,sunflower_20,mixed_spacer_antifouling,20,20,0.33333,10,0.97604,0.16691,0.04047,0.88192
31,sunflower_20,mixed_spacer_antifouling,20,15,0.11111,16,0.81026,0.09012,0.01562,0.76952
32,sunflower_20,mixed_spacer_antifouling,20,16,0.05556,16,0.55116,0.17768,0.04580,0.49415
33,sunflower_20,mixed_spacer_antifouling,20,20,0.16667,16,0.93774,0.23182,0.02573,0.82158
34,sunflower_20,mixed_spacer_antifouling,20,16,0.44444,9,0.99237,0.05137,0.02398,0.95876
35,sunflower_20,mixed_spacer_antifouling,20,20,0.44444,7,0.98088,0.13141,0.02802,0.90745
36,sunflower_20,mixed_spacer_antifouling,20,20,0.22222,15,0.97103,0.20452,0.03197,0.86198
1,sunflower_24,mixed_spacer_antifouling,24,24,0.50000,6,0.98297,0.14780,0.01665,0.90503
2,sunflower_24,mixed_spacer_antifouling,24,21,0.33333,9,0.96995,0.16564,0.01939,0.88358
3,sunflower_24,mixed_spacer_antifouling,24,21,0.16667,16,0.93436,0.12384,0.01741,0.87116
4,sunflower_24,mixed_spacer_antifouling,24,18,0.11111,16,0.84138,0.29298,0.05082,0.70536
5,sunflower_24,mixed_spacer_antifouling,24,23,0.33333,11,0.98336,0.10397,0.03430,0.92104
6,sunflower_24,mixed_spacer_antifouling,24,24,0.16667,16,0.91760,0.33290,0.03911,0.75440
7,sunflower_24,mixed_spacer_antifouling,24,24,0.33333,10,0.97783,0.15659,0.00755,0.89889
8,sunflower_24,mixed_spacer_antifouling,24,13,0.22222,13,0.95181,0.28409,0.01703,0.81174
9,sunflower_24,mixed_spacer_antifouling,24,20,0.11111,16,0.80252,0.25955,0.01634,0.69438
10,sunflower_24,mixed_spacer_antifouling,24,22,0.50000,7,0.98908,0.06652,0.00826,0.95342
11,sunflower_24,mixed_spacer_antifouling,24,24,0.33333,9,0.97053,0.17119,0.03458,0.87672
12,sunflower_24,mixed_spacer_antifouling,24,16,0.16667,16,0.92054,0.26361,0.05840,0.78287
13,sunflower_24,mixed_spacer_antifouling,24,18,0.27778,10,0.95591,0.23671,0.03285,0.83309
14,sunflower_24,mixed_spacer_antifouling,24,19,0.05556,16,0.55987,0.13259,0.05764,0.51221
15,sunflower_24,mixed_spacer_antifouling,24,19,0.16667,16,0.92610,0.22633,0.03439,0.81141
16,sunflower_24,mixed_spacer_antifouling,24,24,0.22222,13,0.95651,0.22339,0.03964,0.83788
17,sunflower_24,mixed_spacer_antifouling,24,23,0.27778,11,0.96431,0.21253,0.01610,0.85698
18,sunflower_24,mixed_spacer_antifouling,24,20,0.33333,12,0.98787,0.08005,0.04216,0.93434
19,sunflower_24,mixed_spacer_antifouling,24,24,0.27778,11,0.96053,0.24190,0.01474,0.84000
20,sunflower_24,mixed_spacer_antifouling,24,15,0.27778,16,0.99224,0.07530,0.01016,0.95148
21,sunflower_24,mixed_spacer_antifouling,24,20,0.33333,11,0.98266,0.14482,0.01700,0.90608
22,sunflower_24,mixed_spacer_antifouling,24,24,0.16667,16,0.93665,0.27853,0.03091,0.79748
23,sunflower_24,mixed_spacer_antifouling,24,21,0.38889,10,0.99152,0.07739,0.02382,0.94521
24,sunflower_24,mixed_spacer_antifouling,24,22,0.38889,9,0.98686,0.12569,0.02157,0.91786
25,sunflower_24,mixed_spacer_antifouling,24,22,0.16667,15,0.92536,0.34333,0.05391,0.75205
26,sunflower_24,mixed_spacer_antifouling,24,20,0.38889,11,0.99432,0.04549,0.02166,0.96434
27,sunflower_24,mixed_spacer_antifouling,24,24,0.44444,7,0.97855,0.14819,0.01069,0.90265
28,sunflower_24,mixed_spacer_antifouling,24,19,0.11111,16,0.82635,0.31745,0.02240,0.68974
29,sunflower_24,mixed_spacer_antifouling,24,22,0.22222,13,0.94985,0.29912,0.04370,0.79544
30,sunflower_24,mixed_spacer_antifouling,24,24,0.44444,7,0.97914,0.14245,0.03128,0.89945
31,sunflower_24,mixed_spacer_antifouling,24,14,0.05556,16,0.55485,0.10721,0.01562,0.52224
32,sunflower_24,mixed_spacer_antifouling,24,16,0.11111,16,0.80694,0.20946,0.04580,0.71085
33,sunflower_24,mixed_spacer_antifouling,24,23,0.22222,14,0.96546,0.24223,0.02305,0.84168
34,sunflower_24,mixed_spacer_antifouling,24,20,0.44444,9,0.99237,0.06136,0.02398,0.95384
35,sunflower_24,mixed_spacer_antifouling,24,24,0.33333,9,0.96923,0.19572,0.03353,0.86412
36,sunflower_24,mixed_spacer_antifouling,24,22,0.22222,14,0.96385,0.22636,0.03022,0.84572
1,four_patch_24,mixed_spacer_antifouling,24,24,0.44444,7,0.98202,0.17022,0.01848,0.89263
2,four_patch_24,mixed_spacer_antifouling,24,18,0.22222,14,0.96357,0.24549,0.02735,0.83721
3,four_patch_24,mixed_spacer_antifouling,24,23,0.27778,14,0.98607,0.10924,0.01559,0.92712
4,four_patch_24,mixed_spacer_antifouling,24,16,0.27778,11,0.97036,0.21207,0.03770,0.85602
5,four_patch_24,mixed_spacer_antifouling,24,22,0.11111,16,0.81501,0.14759,0.04627,0.74264
6,four_patch_24,mixed_spacer_antifouling,24,24,0.27778,11,0.95920,0.24294,0.02897,0.83415
7,four_patch_24,mixed_spacer_antifouling,24,20,0.27778,12,0.97347,0.18483,0.00871,0.88082
8,four_patch_24,mixed_spacer_antifouling,24,9,0.16667,16,0.93054,0.33723,0.02019,0.76817
9,four_patch_24,mixed_spacer_antifouling,24,18,0.22222,14,0.95325,0.23121,0.01463,0.83873
10,four_patch_24,mixed_spacer_antifouling,24,23,0.27778,14,0.98194,0.12861,0.01400,0.91430
11,four_patch_24,mixed_spacer_antifouling,24,24,0.22222,13,0.95557,0.23755,0.04584,0.82856
12,four_patch_24,mixed_spacer_antifouling,24,20,0.22222,14,0.95489,0.23490,0.05242,0.82728
13,four_patch_24,mixed_spacer_antifouling,24,18,0.16667,16,0.93516,0.35091,0.04764,0.75822
14,four_patch_24,mixed_spacer_antifouling,24,13,0.00000,1,0.00000,0.00885,0.01242,0.00000
15,four_patch_24,mixed_spacer_antifouling,24,19,0.11111,16,0.81521,0.22633,0.03439,0.71425
16,four_patch_24,mixed_spacer_antifouling,24,24,0.16667,16,0.93770,0.26741,0.04690,0.79899
17,four_patch_24,mixed_spacer_antifouling,24,23,0.22222,14,0.95998,0.26221,0.01952,0.82843
18,four_patch_24,mixed_spacer_antifouling,24,21,0.27778,14,0.98306,0.09276,0.04764,0.92184
19,four_patch_24,mixed_spacer_antifouling,24,23,0.05556,16,0.55065,0.33157,0.01995,0.45616
20,four_patch_24,mixed_spacer_antifouling,24,19,0.27778,16,0.99224,0.07530,0.01016,0.95148
21,four_patch_24,mixed_spacer_antifouling,24,18,0.27778,12,0.97073,0.15690,0.01820,0.88888
22,four_patch_24,mixed_spacer_antifouling,24,24,0.16667,16,0.93665,0.27853,0.03091,0.79748
23,four_patch_24,mixed_spacer_antifouling,24,22,0.22222,16,0.97845,0.12092,0.03462,0.90816
24,four_patch_24,mixed_spacer_antifouling,24,13,0.38889,9,0.98686,0.12569,0.02157,0.91786
25,four_patch_24,mixed_spacer_antifouling,24,21,0.22222,12,0.94440,0.28570,0.04514,0.79670
26,four_patch_24,mixed_spacer_antifouling,24,21,0.27778,15,0.98994,0.06151,0.02776,0.95017
27,four_patch_24,mixed_spacer_antifouling,24,24,0.16667,16,0.92131,0.30692,0.02022,0.77441
28,four_patch_24,mixed_spacer_antifouling,24,21,0.11111,16,0.82635,0.31745,0.02240,0.68974
29,four_patch_24,mixed_spacer_antifouling,24,23,0.16667,16,0.92755,0.35431,0.05167,0.74943
30,four_patch_24,mixed_spacer_antifouling,24,24,0.44444,7,0.97914,0.14245,0.03128,0.89945
31,four_patch_24,mixed_spacer_antifouling,24,18,0.22222,16,0.97036,0.10721,0.01562,0.91332
32,four_patch_24,mixed_spacer_antifouling,24,16,0.11111,16,0.80694,0.20946,0.04580,0.71085
33,four_patch_24,mixed_spacer_antifouling,24,23,0.05556,16,0.58228,0.27167,0.02573,0.49866
34,four_patch_24,mixed_spacer_antifouling,24,18,0.38889,10,0.98903,0.06794,0.02596,0.94675
35,four_patch_24,mixed_spacer_antifouling,24,24,0.27778,11,0.96607,0.23372,0.03901,0.84152
36,four_patch_24,mixed_spacer_antifouling,24,23,0.22222,14,0.96385,0.22636,0.03022,0.84572
