frame,timestep,pair_1_15_distance_nm,pair_2_14_distance_nm,pair_3_13_distance_nm,pair_4_12_distance_nm,all_stem_pairs_closed,head_reach_nm
1,1000,3.0131,2.2575,1.8757,1.4489,false,1.8038
2,2000,1.5144,0.8345,1.1898,1.4421,false,1.1630
3,3000,1.3638,1.2243,1.7761,1.8154,false,0.8943
4,4000,1.7317,1.4618,1.8315,1.6435,false,1.7741
5,5000,1.6158,1.4375,1.0549,0.8730,false,2.6387
6,6000,1.4364,1.3048,1.1200,1.5325,false,2.2574
7,7000,1.3683,0.9515,1.6836,1.6488,false,1.9579
8,8000,1.5855,1.3179,1.7475,1.3881,false,2.0219
9,9000,1.4480,1.7486,1.1284,1.3951,false,2.0200
10,10000,1.5658,1.5463,1.2600,1.3198,false,2.2874
11,11000,2.3444,1.1966,1.4901,1.1064,false,2.7784
12,12000,1.2336,1.3482,1.5600,1.0784,false,2.4552
13,13000,1.6651,1.2060,1.3028,0.6421,false,1.6486
14,14000,1.5861,1.2394,0.8929,1.0798,false,1.7990
15,15000,1.4452,1.4516,1.1266,1.6040,false,2.2049
16,16000,1.3739,0.8445,1.1117,1.4279,true,2.3984
17,17000,1.5152,0.9792,1.4672,1.2958,false,2.6970
18,18000,1.2157,1.0632,2.1689,1.6902,false,2.0122
19,19000,1.1699,1.3775,1.9950,1.5956,false,1.4136
20,20000,1.3319,1.5709,1.5042,1.2217,false,1.6752
21,21000,1.5956,1.2796,1.3325,1.2805,false,2.2491
22,22000,1.8626,1.0831,1.2469,1.6527,false,2.7962
23,23000,1.7460,1.0188,1.1730,1.4316,false,2.7978
24,24000,1.1185,0.9051,1.4062,1.1152,true,2.4141
25,25000,0.7496,0.7795,1.2770,2.1623,false,2.1281
26,26000,1.1172,0.8303,1.1462,1.9771,false,1.6818
27,27000,1.5862,0.7772,1.2082,1.0615,false,1.4603
28,28000,1.2299,0.6366,0.8414,0.9372,true,1.4273
29,29000,0.7949,0.9443,1.1776,2.1741,false,1.5712
30,30000,1.3273,1.2609,1.3382,2.0130,false,1.5585
31,31000,0.9921,1.3551,1.0426,1.6637,false,1.8108
32,32000,0.9121,1.1990,1.2964,1.6630,false,2.0312
33,33000,1.4320,1.5729,1.3186,1.0758,false,2.2830
34,34000,1.2224,1.2860,1.0033,1.4561,true,2.3805
35,35000,0.9042,1.7612,0.9390,1.7974,false,1.5578
36,36000,0.8981,1.8919,1.4157,1.4695,false,1.2889
37,37000,1.4954,0.7278,1.3202,1.2995,true,1.6780
38,38000,1.1516,0.9757,1.4588,0.9786,true,2.0582
39,39000,0.9761,1.4169,1.5027,1.5139,false,2.1557
40,40000,1.2531,1.2750,1.3250,1.7455,false,2.4562
41,41000,1.3876,1.1953,0.9327,1.6981,false,2.3630
42,42000,1.7984,0.7810,0.9202,1.3166,false,2.0219
43,43000,1.6777,1.3836,1.3158,1.5674,false,2.0420
44,44000,0.9939,1.1930,1.6901,1.4770,false,2.1186
45,45000,1.1980,1.3531,1.7351,1.3938,false,1.7961
46,46000,1.2826,1.3778,1.5547,1.1928,false,1.7696
47,47000,1.4956,1.3491,1.3075,1.3145,true,2.4310
48,48000,1.7753,1.1928,1.2131,1.1113,false,2.7229
49,49000,1.1685,1.2259,1.0022,1.1276,true,2.7142
50,50000,0.9800,0.8603,0.9479,0.9816,true,2.6744
51,51000,0.7709,0.6849,1.2913,1.3003,true,2.5855
52,52000,0.8739,1.4000,1.1369,1.3501,true,2.5566
53,53000,1.0358,2.0334,1.3548,1.4232,false,2.2500
54,54000,0.8727,1.6279,1.3360,1.4343,false,2.0652
55,55000,1.0117,1.5663,1.2005,1.1134,false,2.3356
56,56000,0.9610,1.2930,1.0035,1.3582,true,2.5960
57,57000,1.3604,1.2700,1.3520,1.8247,false,2.5610
58,58000,1.6460,1.6423,1.1311,1.4350,false,2.3279
59,59000,1.2876,0.9834,0.8802,1.0951,true,2.0695
60,60000,1.6251,0.8779,1.2966,1.4087,false,1.9807
61,61000,1.3263,0.7892,1.6769,1.3397,false,2.2153
62,62000,1.5971,0.7174,0.6944,0.5847,false,2.5914
63,63000,0.8448,1.3642,0.8847,0.8281,true,2.4700
64,64000,1.9406,1.2696,0.9133,1.5562,false,2.3450
65,65000,1.5036,0.9680,1.2311,1.5738,false,2.0605
66,66000,0.9775,0.7462,1.8271,0.9950,false,1.9867
67,67000,1.0676,1.1079,1.3368,1.3033,true,2.3658
68,68000,1.0521,1.1573,1.0298,1.2311,true,2.5135
69,69000,1.3474,1.6404,1.2133,1.1735,false,2.0378
70,70000,1.1608,1.8069,1.5317,1.0824,false,1.5982
71,71000,0.9416,1.6226,1.5181,1.0693,false,1.3796
72,72000,0.8587,1.0790,1.3214,0.9829,true,1.4640
73,73000,0.6756,1.1897,1.2321,1.1419,true,1.3986
74,74000,1.2738,1.3086,1.2655,1.1336,true,1.3674
75,75000,1.4487,0.9889,1.1289,1.3620,true,1.7572
76,76000,0.9586,0.7312,0.9339,1.0789,true,1.9328
77,77000,1.3637,0.9398,1.0265,1.1260,true,2.3055
78,78000,1.4121,1.0921,1.4656,1.1468,true,2.5747
79,79000,1.2602,0.8504,1.3606,1.2378,true,2.7384
80,80000,1.3845,1.0374,0.6612,1.1954,true,2.6047
81,81000,0.9378,1.2855,0.6903,1.2463,true,2.3599
82,82000,0.7106,1.3703,1.2202,1.2556,true,2.2132
83,83000,0.8276,1.6255,1.3720,1.4135,false,2.0974
84,84000,0.9555,1.4480,1.2297,0.8920,true,2.2251
85,85000,1.4513,1.1730,1.4014,1.1396,true,2.4611
86,86000,1.5211,1.0897,1.3624,1.3746,false,2.6795
87,87000,1.1024,1.0945,1.1094,1.2221,true,2.6392
88,88000,0.9840,1.2881,0.8027,1.3661,true,2.5104
89,89000,1.5958,1.1890,0.6826,1.0585,false,2.7662
90,90000,1.1731,0.8655,1.0385,0.7407,true,2.5259
91,91000,0.7655,0.9753,0.8588,1.4683,true,2.5730
92,92000,0.9282,1.4339,0.7573,1.6909,false,2.0333
93,93000,1.0111,1.4976,0.9162,1.2980,true,2.1765
94,94000,1.4804,1.0622,1.0051,1.0858,true,2.3530
95,95000,1.2505,1.0872,1.2714,0.9845,true,2.3698
96,96000,1.1691,1.1128,1.4086,1.0147,true,2.3668
97,97000,1.3229,1.3604,0.9733,1.0303,true,2.2596
98,98000,1.0886,1.0186,0.8224,0.9294,true,1.8717
99,99000,1.2573,0.9734,1.2959,1.4915,true,1.5735
100,100000,1.5531,0.8880,1.6337,1.7638,false,1.5524
101,101000,1.1794,1.0378,1.4162,1.2397,true,1.8086
102,102000,1.0231,1.3545,1.6675,0.9178,false,2.0720
103,103000,1.5715,1.3233,1.4859,1.2268,false,2.1731
104,104000,1.3693,1.3140,1.3438,1.3029,true,1.9590
105,105000,1.4202,0.7889,1.1999,1.2553,true,2.2905
106,106000,1.0412,1.2526,1.3737,1.2038,true,2.1627
107,107000,1.4849,1.5386,1.0442,1.4138,false,2.4798
108,108000,1.8263,1.4960,0.7860,1.3575,false,2.5460
109,109000,1.0615,1.6475,1.0326,1.2383,false,2.1969
110,110000,0.9611,1.8644,0.7891,1.1641,false,2.0139
111,111000,1.4897,1.6767,0.7755,1.0162,false,1.9557
112,112000,1.6298,1.2766,1.2823,1.2328,false,2.1538
113,113000,1.4194,0.7369,1.0703,1.4187,true,2.1595
114,114000,1.3694,0.7604,0.6870,1.1732,true,2.1209
115,115000,1.0469,0.6936,1.1548,1.2730,true,2.4616
116,116000,0.9548,1.1519,1.4607,1.5061,false,2.5279
117,117000,1.1431,1.0652,1.3729,1.4808,true,2.1459
118,118000,1.2967,1.1865,1.4846,1.3839,true,1.9793
119,119000,1.2074,1.3638,1.2725,1.2990,true,1.9335
120,120000,1.1895,1.4751,1.2344,0.8528,true,1.7988
121,121000,1.0725,1.7204,1.3049,0.9362,false,1.9417
122,122000,0.9273,1.0660,1.2120,1.1824,true,2.1753
123,123000,1.1566,1.4600,1.2304,1.4304,true,2.3479
124,124000,1.3618,1.4054,1.3277,1.5031,false,2.3716
125,125000,1.1171,1.4415,1.0934,1.1068,true,2.3278
126,126000,1.4878,0.8884,0.8735,1.4017,true,2.3213
127,127000,1.5308,1.2187,1.0988,1.4532,false,2.3001
128,128000,1.0900,0.9495,1.4350,1.2680,true,1.9544
129,129000,1.3095,1.1052,1.5165,0.9221,false,1.8643
130,130000,1.1133,1.1529,1.2074,0.9111,true,1.8006
131,131000,1.0698,1.1758,0.8975,1.1106,true,2.1278
132,132000,1.3331,1.2182,0.8967,1.1741,true,2.2463
133,133000,1.5643,1.1316,1.1070,1.1749,false,2.1878
134,134000,1.4622,0.9603,0.9053,1.3120,true,2.1159
135,135000,1.3624,0.9385,0.7687,0.9887,true,2.0863
136,136000,1.4211,1.0255,1.0110,1.2167,true,2.1723
137,137000,0.9938,1.1241,1.2318,1.2255,true,2.2029
138,138000,0.6307,0.9723,1.1277,1.1309,true,2.1930
139,139000,1.1764,0.9844,1.0518,0.9881,true,2.5718
140,140000,1.4585,1.3825,1.0832,0.8844,true,2.8725
141,141000,0.9309,1.1544,0.9079,0.7654,true,2.9676
142,142000,0.6433,1.1406,1.0823,1.3674,true,2.8797
143,143000,1.1620,0.9950,1.2423,1.6276,false,3.0594
144,144000,1.4313,1.1471,1.2043,1.1641,true,2.9330
145,145000,1.2517,1.1166,1.0993,1.1819,true,2.4782
146,146000,1.1246,1.0842,1.3004,1.0672,true,2.0303
147,147000,1.3156,1.3777,1.0720,0.9881,true,1.8051
148,148000,1.2398,0.7901,1.3769,1.2764,true,1.7976
149,149000,1.1915,0.7408,1.5024,1.2241,false,2.0961
150,150000,1.3530,1.1079,1.2498,1.3642,true,2.4382
151,151000,1.0609,1.4311,0.9617,1.2638,true,2.4682
152,152000,1.1921,1.1777,1.1376,1.1431,true,2.5196
153,153000,1.3430,1.7328,1.3000,1.1450,false,2.4261
154,154000,1.1890,1.3072,1.1751,1.2270,true,2.2553
155,155000,1.4065,1.0119,1.4753,1.1724,true,2.3937
156,156000,1.0720,1.3211,1.3013,1.2970,true,2.5071
157,157000,0.9708,1.0798,1.0059,1.1216,true,2.6797
158,158000,1.1923,0.8916,0.9608,0.9624,true,2.8009
159,159000,1.4072,0.9141,1.1604,1.2312,true,2.7495
160,160000,1.3397,0.9113,1.0839,1.3587,true,2.4794
161,161000,1.1335,0.6017,1.1092,1.4753,true,2.5027
162,162000,1.2365,0.5486,1.1205,1.1858,true,2.5428
163,163000,1.0897,1.1067,1.3184,0.9274,true,2.4834
164,164000,1.0307,1.4935,1.5323,1.1825,false,2.4448
165,165000,1.0048,1.5678,0.8733,1.1647,false,2.5388
166,166000,1.0642,1.1418,0.7881,1.0375,true,2.7296
167,167000,1.0738,1.3673,1.0000,1.3062,true,2.5251
168,168000,0.9962,1.6056,0.9339,0.9898,false,2.3035
169,169000,1.4644,1.4115,0.7583,1.0564,true,2.1489
170,170000,1.4162,1.0646,0.8522,1.2066,true,1.9293
171,171000,0.9669,1.3612,1.3780,1.2897,true,1.8120
172,172000,1.0749,1.2702,1.4444,1.1295,true,1.9210
173,173000,1.1179,0.7761,1.2515,1.1920,true,2.4459
174,174000,0.7800,1.2100,1.1244,1.2557,true,2.6420
175,175000,1.0141,1.8739,1.2391,1.4447,false,2.7128
176,176000,1.1808,1.8356,1.0106,1.1361,false,2.7911
177,177000,1.0088,1.5049,1.1301,0.9995,false,2.8532
178,178000,0.9295,1.0488,1.0754,1.1739,true,2.7575
179,179000,1.2174,1.2946,1.2110,1.2122,true,2.3703
180,180000,1.2655,1.0952,1.4009,1.0042,true,2.0870
181,181000,1.2955,1.4174,1.0999,1.0557,true,2.0018
182,182000,1.1969,1.3653,0.9938,1.0871,true,1.8768
183,183000,0.9153,1.3325,1.2291,1.5213,false,1.7264
184,184000,1.0598,1.2355,1.3049,1.5111,false,1.4417
185,185000,1.4830,0.9688,1.5248,1.4470,false,1.3140
186,186000,1.4076,1.0897,1.3854,1.4286,true,1.3879
187,187000,1.0894,1.3349,1.1983,1.9705,false,1.5600
188,188000,1.1748,1.2010,0.7270,1.6376,false,1.4789
189,189000,1.0845,1.0841,0.9806,0.6725,true,1.6355
190,190000,1.0691,1.0558,0.7652,0.5865,true,1.9646
191,191000,1.2568,0.9918,0.9590,1.3197,true,2.0506
192,192000,1.1932,1.1033,1.3713,1.5449,false,1.6222
193,193000,0.9423,1.0162,1.1824,1.5113,false,1.5123
194,194000,1.2126,1.2742,0.9438,1.3306,true,1.6420
195,195000,0.8396,1.4497,1.0057,0.9683,true,1.7687
196,196000,0.9541,1.3011,1.5539,1.5756,false,2.1846
197,197000,1.4296,1.1132,1.3126,1.3559,true,2.2693
198,198000,1.4982,1.3483,1.0955,0.8179,true,2.0826
199,199000,1.3883,1.3491,1.2342,1.0011,true,1.9871
200,200000,0.9248,1.2032,1.4904,1.0970,true,2.3499
201,201000,1.1010,1.0506,1.5235,1.1795,false,2.3867
202,202000,1.6771,1.0666,1.1095,0.6555,false,2.2952
203,203000,1.3549,1.3019,1.0484,1.0338,true,2.5786
204,204000,0.7623,1.1895,1.1724,1.0406,true,2.6817
205,205000,1.1836,1.0192,0.9639,1.4194,true,2.9512
206,206000,1.3964,1.3127,0.9612,1.2684,true,2.9522
207,207000,1.1518,1.0617,0.9979,0.8558,true,2.6963
208,208000,0.6694,1.0836,0.9116,1.1853,true,2.2374
209,209000,1.1423,1.3453,0.9409,1.0635,true,2.1544
210,210000,1.7232,1.6204,1.0123,1.3100,false,2.0223
211,211000,1.1661,0.9311,1.1237,1.4104,true,1.5520
212,212000,1.2385,0.8867,1.2486,1.0518,true,1.6507
213,213000,1.1554,1.5906,1.2350,1.4330,false,1.6501
214,214000,1.0459,1.6879,1.3799,1.3200,false,1.7527
215,215000,0.9768,1.4361,0.9075,1.4948,true,1.9199
216,216000,1.3752,1.1694,0.9463,1.1203,true,2.1493
217,217000,1.3254,0.9807,1.2199,1.0965,true,2.1131
218,218000,1.1243,1.1167,0.9439,1.2974,true,2.2362
219,219000,1.3711,1.1119,0.7224,1.0585,true,2.3695
220,220000,0.8533,1.3576,0.9126,1.1455,true,2.4316
221,221000,1.1069,1.0690,1.1263,1.1840,true,2.5400
222,222000,1.3797,0.9747,1.1250,1.0999,true,2.3653
223,223000,1.2845,1.2112,1.3159,1.2974,true,2.0422
224,224000,1.1367,1.1477,1.2356,1.3800,true,1.9133
225,225000,1.4405,0.9008,0.8398,1.1378,true,1.7669
226,226000,1.5200,0.7909,0.7866,0.9884,false,1.8048
227,227000,1.1538,1.1300,1.1864,1.1056,true,2.0418
228,228000,1.4057,1.3271,1.3906,1.2478,true,2.3196
229,229000,1.3474,1.1905,1.1856,0.9385,true,2.4417
230,230000,1.2224,0.7518,1.2104,0.9181,true,2.6449
231,231000,1.3759,0.9937,1.3777,1.2350,true,2.7569
232,232000,1.1211,1.0560,1.1045,1.1877,true,2.5061
233,233000,0.9606,1.1131,0.9112,1.2211,true,2.1270
234,234000,1.3062,1.0014,0.9169,1.2110,true,1.8772
235,235000,1.4694,0.9468,1.1030,1.2278,true,1.7084
236,236000,1.3343,0.9780,1.3437,1.1135,true,1.5722
237,237000,1.2007,1.2269,1.2855,1.0910,true,1.6939
238,238000,1.1645,1.2557,1.2356,0.7307,true,1.7549
239,239000,1.0067,1.1057,1.4187,1.1020,true,1.9845
240,240000,1.1401,0.8667,1.4278,1.4854,true,2.3150
241,241000,1.4471,0.8011,0.9961,1.1809,true,2.7602
242,242000,1.1201,1.0334,1.4383,1.2969,true,2.8409
243,243000,1.0986,1.3414,1.7393,1.3278,false,2.9198
244,244000,1.1179,1.2999,1.0871,1.0474,true,2.8470
245,245000,1.2883,1.0307,1.2705,1.2146,true,2.6707
246,246000,1.0836,1.5780,1.2834,1.3919,false,2.4998
247,247000,1.0339,1.2236,0.9942,1.1302,true,2.4060
248,248000,1.4728,0.7749,0.7963,1.0339,true,2.7494
249,249000,1.4431,0.8757,1.3692,0.8350,true,2.8458
250,250000,0.9916,1.1332,1.1051,1.0989,true,2.7309
251,251000,0.8385,1.3757,1.3284,1.5457,false,2.6843
252,252000,1.2839,1.1450,1.2523,1.2997,true,2.6028
253,253000,1.4967,1.1040,1.1085,0.9334,true,2.5949
254,254000,0.9623,1.3496,1.3602,1.2344,true,2.5903
255,255000,0.9162,1.0759,1.8561,1.2968,false,2.6015
256,256000,1.3567,1.0624,1.5485,1.4904,false,2.6510
257,257000,1.2661,1.4184,1.0984,1.4931,true,2.4067
258,258000,1.1617,1.2563,0.9802,0.8654,true,2.2557
259,259000,0.8961,1.2305,1.0360,1.5547,false,2.1755
260,260000,1.0427,1.3276,1.1718,1.9319,false,2.1206
261,261000,1.2292,1.3350,1.1876,1.2708,true,2.1412
262,262000,1.1206,1.1565,1.0669,1.0887,true,2.0572
263,263000,1.3123,1.3937,1.1366,0.9043,true,1.9415
264,264000,1.3773,1.2119,1.1432,1.3154,true,1.8302
265,265000,0.9540,1.3715,1.0453,1.6162,false,2.3452
266,266000,1.1609,0.9414,0.6932,1.1631,true,2.3826
267,267000,1.8945,1.0486,0.9469,1.1549,false,2.0088
268,268000,1.6221,1.3200,1.4471,1.6185,false,1.3883
269,269000,1.0480,0.7285,1.9077,1.4269,false,2.0291
270,270000,1.4150,1.5613,1.3357,1.2007,false,2.5921
271,271000,1.4007,1.9312,1.4227,1.6762,false,2.9199
272,272000,1.4307,1.2614,1.3698,1.2437,true,3.0381
273,273000,1.4903,0.9148,1.4154,1.2457,true,2.9476
274,274000,1.6987,0.8221,1.4987,1.5008,false,2.7953
275,275000,1.5334,1.3320,1.2540,1.2840,false,2.6321
276,276000,0.9040,1.0090,1.2329,1.3657,true,2.4976
277,277000,0.9989,1.1275,1.7695,1.5434,false,2.3662
278,278000,0.8779,1.0527,1.4440,1.0703,true,2.4736
279,279000,1.5697,1.2712,1.2808,1.1436,false,2.5862
280,280000,1.8687,1.4227,1.2167,1.8301,false,2.6312
281,281000,1.1601,0.9845,1.0083,1.6412,false,2.5272
282,282000,1.8046,0.8928,1.1273,1.2573,false,3.0016
283,283000,1.2524,1.2904,1.0040,1.1917,true,3.2610
284,284000,0.9568,1.2623,1.1352,1.0240,true,3.4173
285,285000,1.1550,1.1038,1.0547,1.2792,true,3.2459
286,286000,0.9078,0.7523,1.0703,0.8736,true,2.9676
287,287000,1.2958,0.9666,1.2839,0.8909,true,2.5782
288,288000,1.3269,0.9663,1.2687,0.9820,true,2.1184
289,289000,1.0937,1.4750,1.4014,1.4270,true,1.8888
290,290000,1.0988,1.4026,1.2498,1.7719,false,2.0963
291,291000,1.4268,0.8385,1.0732,1.4723,true,2.4347
292,292000,1.5846,1.4254,1.1516,1.1310,false,2.5588
293,293000,1.4458,1.3125,1.2578,0.9180,true,2.4705
294,294000,1.4449,1.4351,1.3165,1.2376,true,2.3841
295,295000,1.5777,1.3515,1.3328,1.4258,false,2.4605
296,296000,0.6672,1.0089,0.7196,1.2251,true,2.5839
297,297000,0.6380,1.1710,0.7147,1.5041,false,2.3301
298,298000,1.2179,1.5072,1.1273,1.4342,false,2.2037
299,299000,1.3903,1.6302,1.1164,0.9358,false,2.0979
300,300000,0.8781,1.1361,1.5980,0.8043,false,1.6074
301,301000,0.7702,1.5082,1.7009,0.8440,false,1.9077
302,302000,1.1062,1.2205,1.5175,1.1520,false,2.1144
303,303000,1.1318,0.6825,1.3359,1.4510,true,1.7142
304,304000,1.1561,1.1705,1.1925,1.6725,false,2.0116
305,305000,1.2540,1.4870,1.3889,1.2158,true,2.0487
306,306000,1.6532,1.2553,1.6338,0.9739,false,1.6603
307,307000,0.8762,0.7888,1.5034,0.9301,false,1.6046
308,308000,1.3391,1.0507,1.1940,0.7886,true,1.6297
309,309000,1.5580,1.2984,0.8249,1.1421,false,1.8072
310,310000,1.1044,1.1713,1.1013,1.3101,true,1.7941
311,311000,1.0510,1.6809,0.8166,0.9504,false,1.4661
312,312000,1.2048,1.3274,0.7631,1.0032,true,1.3576
313,313000,1.0489,0.9428,1.0333,1.2824,true,1.2642
314,314000,0.7842,1.0258,1.0597,1.4106,true,1.1331
315,315000,0.9979,1.4466,1.6626,1.5637,false,1.4734
316,316000,1.2532,1.0880,1.5662,1.2947,false,2.2888
317,317000,1.1667,1.2644,1.1129,1.6573,false,2.7645
318,318000,1.0182,1.4608,1.2361,1.4612,true,2.5261
319,319000,1.4787,1.0808,1.3304,1.0149,true,2.2431
320,320000,1.2331,1.1728,1.3673,0.9293,true,1.7994
321,321000,1.4389,1.0537,1.4777,0.9709,true,1.3450
322,322000,1.2952,0.9586,1.3386,1.2084,true,1.1431
323,323000,1.5831,1.0780,1.5483,1.0091,false,1.9332
324,324000,1.3833,0.9171,1.5230,1.4296,false,2.4809
325,325000,1.1419,0.7590,1.0510,1.0204,true,2.3914
326,326000,1.1848,0.9723,0.9294,1.0674,true,2.0727
327,327000,1.4430,1.1206,0.7642,1.2439,true,2.2105
328,328000,1.5080,0.7950,0.9819,1.0288,false,2.1584
329,329000,1.5589,1.0302,0.5492,1.1901,false,2.3675
330,330000,1.3374,1.1773,1.2921,1.7739,false,2.1647
331,331000,1.2306,0.6854,1.4280,1.8606,false,1.9094
332,332000,1.4197,0.9283,0.8620,1.4235,true,1.5901
333,333000,1.1330,0.8482,1.1404,1.4994,true,1.3596
334,334000,0.9231,0.8474,1.3541,1.5156,false,1.2913
335,335000,1.1611,1.0016,1.1613,1.4564,true,1.4096
336,336000,1.0566,0.7347,0.6619,1.0072,true,1.7495
337,337000,1.3316,0.9839,1.1676,0.9121,true,1.7709
338,338000,1.3354,1.2983,1.3975,1.3820,true,1.7700
339,339000,1.3693,1.2695,1.0026,1.2886,true,1.6397
340,340000,1.0293,1.0625,0.7918,1.1354,true,1.8551
341,341000,1.1647,1.4781,0.9181,1.5182,false,2.0629
342,342000,1.1750,1.4898,1.1839,1.4391,true,2.0582
343,343000,1.1558,1.1931,1.1826,1.3487,true,1.9044
344,344000,0.9769,0.8997,1.1301,1.4397,true,2.0554
345,345000,1.1781,1.2383,1.2255,1.3769,true,2.2180
346,346000,1.3798,1.2935,0.9074,1.0777,true,2.1124
347,347000,0.8846,1.3577,0.8335,1.2596,true,1.8790
348,348000,0.7589,1.1728,1.8196,1.7129,false,1.6694
349,349000,1.0206,0.9547,1.6139,1.7274,false,1.9082
350,350000,0.8852,0.9594,0.9947,1.2048,true,1.7006
351,351000,0.8972,1.0153,1.2053,1.0392,true,1.7331
352,352000,1.7562,1.0946,1.3275,1.0832,false,2.0414
353,353000,1.7170,0.8970,1.0187,1.2838,false,1.7314
354,354000,1.2060,0.9689,0.9878,1.4749,true,1.6520
355,355000,0.7790,1.0260,1.0274,1.5925,false,1.6639
356,356000,1.6149,1.3654,1.1050,1.7331,false,1.7092
357,357000,1.5690,1.3340,1.3627,1.2895,false,1.7279
358,358000,0.9512,1.2196,1.4455,1.1176,true,1.8174
359,359000,0.9302,1.2371,1.0204,0.7646,true,1.7572
360,360000,0.5404,1.3469,1.0592,1.1046,true,1.9439
361,361000,1.1085,1.6886,1.2933,1.3656,false,1.9835
362,362000,1.5227,1.3468,1.0061,1.6776,false,1.9729
363,363000,1.0221,0.9506,1.0912,1.5487,false,1.8187
364,364000,0.9342,1.3238,0.7909,1.1982,true,2.0566
365,365000,1.2398,1.6965,0.9064,1.1525,false,2.1304
366,366000,1.0659,1.2230,0.7237,1.2253,true,1.9746
367,367000,0.9322,1.2664,0.9557,1.1223,true,1.6603
368,368000,1.0796,1.3234,1.1027,1.4588,true,1.7608
369,369000,1.0725,1.2408,1.2350,1.5506,false,2.1408
370,370000,1.0774,1.1445,1.0014,1.2598,true,2.1044
371,371000,1.3490,1.3295,1.4458,0.9618,true,2.0034
372,372000,1.0149,1.2953,1.0636,1.1185,true,1.8862
373,373000,0.7141,0.9831,0.8015,1.0425,true,1.5016
374,374000,1.2553,1.0477,0.9829,1.1992,true,1.3171
375,375000,1.5695,1.0778,1.4047,1.4887,false,1.3932
376,376000,1.3182,0.9311,1.4325,1.4002,true,1.1659
377,377000,1.0775,0.9330,0.9547,1.2267,true,1.5864
378,378000,1.8048,1.3230,0.8915,1.4206,false,1.8818
379,379000,1.4676,1.0034,1.3456,1.2929,true,1.9407
380,380000,0.9890,0.9955,1.5933,1.1404,false,1.8569
381,381000,0.7683,1.1600,1.3403,1.0871,true,1.8354
382,382000,0.8601,1.2865,0.6664,1.1264,true,1.8988
383,383000,0.8737,0.9330,0.9637,1.3690,true,1.8864
384,384000,1.7044,0.9912,1.3994,1.2862,false,1.9366
385,385000,1.4725,0.9647,1.0167,1.0629,true,2.3141
386,386000,0.9469,1.4364,1.2700,0.7525,true,2.4103
387,387000,1.2741,1.4093,1.5237,0.7878,false,2.8438
388,388000,1.2324,1.1599,1.3134,0.6650,true,2.8859
389,389000,1.0602,1.2603,1.4276,0.7363,true,2.7244
390,390000,1.2027,1.0092,1.3687,1.4288,true,2.7046
391,391000,1.1865,0.9514,0.9858,1.5320,false,2.6503
392,392000,0.7073,1.0411,0.9945,1.0595,true,2.1756
393,393000,1.0672,1.1100,1.3557,1.2364,true,1.9594
394,394000,1.1412,1.5717,1.5233,1.4114,false,1.6365
395,395000,0.8738,1.5442,1.1196,0.7134,false,1.4197
396,396000,1.4157,1.3810,1.0037,0.9950,true,1.7201
397,397000,1.6866,1.3132,1.0783,1.3559,false,1.9617
398,398000,1.1268,1.1638,1.1009,1.0077,true,2.0966
399,399000,0.7765,0.8547,1.1058,1.0628,true,2.1584
400,400000,1.0092,1.4277,0.8524,0.8075,true,2.4720
401,401000,1.1525,1.1260,1.5877,0.8009,false,2.7812
402,402000,1.2877,1.0696,1.7165,1.0824,false,2.7614
403,403000,1.2526,1.0829,1.2803,1.1887,true,2.6116
404,404000,0.8620,0.9310,1.0364,1.1435,true,2.2205
405,405000,0.9486,1.0902,1.5198,1.3523,false,1.9756
406,406000,1.3184,1.2538,1.4521,1.4678,true,1.9115
407,407000,1.5059,1.2500,1.2760,1.2547,false,2.0732
408,408000,1.2987,1.0659,1.1776,0.6093,true,2.0936
409,409000,1.1848,1.2544,1.1326,1.2642,true,1.8966
410,410000,1.4694,1.5735,0.8057,1.6587,false,1.9607
411,411000,1.2434,1.2355,0.8847,1.3213,true,1.9062
412,412000,1.4333,1.1060,1.0051,0.7811,true,1.8389
413,413000,1.2846,1.2847,1.0090,1.2842,true,1.6298
414,414000,1.0461,1.3230,1.2837,1.2983,true,1.5723
415,415000,0.7034,1.2218,1.3557,0.8521,true,1.8026
416,416000,1.1404,1.2445,1.0620,1.0612,true,2.0890
417,417000,1.4354,1.2244,1.2040,1.0533,true,2.3873
418,418000,1.2408,1.1352,1.3448,1.1104,true,2.5574
419,419000,0.9876,1.6642,0.9413,1.0687,false,2.4063
420,420000,0.8331,1.5493,1.3151,0.9274,false,2.1729
421,421000,0.9472,1.1371,1.5431,1.3451,false,1.9864
422,422000,1.0534,1.0598,1.3707,0.9345,true,1.6412
423,423000,1.2850,1.1786,1.3478,0.9938,true,1.6622
424,424000,1.2153,1.2214,1.0308,1.1988,true,1.9138
425,425000,1.1243,1.3940,0.9992,1.0496,true,2.5017
426,426000,1.0110,1.0588,1.2760,1.0960,true,2.5068
427,427000,1.2560,0.8462,0.9996,0.8005,true,2.4491
428,428000,1.3557,1.3897,1.0688,0.8852,true,2.1850
429,429000,0.9838,1.2158,1.2196,1.2372,true,1.7667
430,430000,1.1423,1.0463,1.3657,1.2664,true,1.7188
431,431000,1.1503,0.9621,1.2498,0.8717,true,1.8730
432,432000,1.1963,1.2381,1.1065,0.8254,true,2.0144
433,433000,1.3250,1.5468,1.3149,1.3282,false,2.3062
434,434000,1.0009,1.1704,1.0531,1.0719,true,2.4199
435,435000,1.1724,1.1542,1.3664,0.8778,true,2.5348
436,436000,1.4787,1.2166,1.2958,1.1520,true,2.4098
437,437000,1.3013,1.0989,1.2638,1.1314,true,2.4534
438,438000,1.2579,1.1915,1.2181,1.1929,true,2.7955
439,439000,1.2113,1.3571,0.9871,1.2559,true,2.7466
440,440000,1.2445,0.8969,1.2924,1.3565,true,2.6299
441,441000,1.1398,1.1690,1.1744,1.4956,true,2.4041
442,442000,1.0710,0.9724,0.8157,1.0394,true,2.0827
443,443000,1.1363,1.0307,1.0837,1.1559,true,1.7857
444,444000,1.3528,1.1308,1.4269,1.0420,true,1.8912
445,445000,1.2112,0.9785,1.2251,1.0115,true,2.1149
446,446000,1.6377,1.2454,1.1976,1.5362,false,2.2596
447,447000,1.6110,1.2558,1.3852,1.5042,false,2.1577
448,448000,0.9733,0.7188,1.3269,1.0229,true,1.8717
449,449000,1.0658,0.7566,1.1112,0.8925,true,1.6504
450,450000,1.5628,1.3125,1.1555,1.2243,false,1.6376
451,451000,1.3886,1.2509,1.1275,1.1479,true,1.9003
452,452000,0.9155,0.8655,1.4619,1.0779,true,2.1456
453,453000,1.1001,1.1626,1.5601,1.2541,false,2.5008
454,454000,1.0017,1.0875,1.3237,1.2828,true,2.7923
455,455000,0.9036,0.8102,1.0677,1.2160,true,2.9285
456,456000,1.1500,0.8643,1.0213,1.2553,true,2.8347
457,457000,1.5382,1.1355,1.0150,0.8494,false,2.7346
458,458000,1.4678,1.2415,1.0312,0.7967,true,2.4013
459,459000,1.3212,0.9736,1.0087,0.9020,true,2.3982
460,460000,1.2246,1.2227,1.1709,1.0365,true,2.8266
461,461000,1.1155,1.3908,1.2403,1.4569,true,2.9395
462,462000,0.9672,1.4714,1.0943,1.1858,true,2.5185
463,463000,0.9891,1.1952,1.0209,0.9371,true,2.4473
464,464000,1.3540,0.8452,1.4432,0.7167,true,2.6487
465,465000,1.5705,1.2817,1.5855,0.9741,false,2.7259
466,466000,1.4996,1.6274,1.0950,0.8530,false,2.6505
467,467000,1.3243,1.4273,0.7343,0.8897,true,2.5935
468,468000,1.0469,1.3209,0.9167,0.9197,true,2.3419
469,469000,1.1306,1.4402,0.8864,1.0475,true,2.3483
470,470000,1.0663,1.4472,1.1006,1.0349,true,2.1377
471,471000,1.2075,1.3621,1.2548,1.3159,true,2.0661
472,472000,1.3890,1.3189,1.2175,1.2777,true,2.1144
473,473000,1.4870,1.2479,1.0593,1.3864,true,2.1868
474,474000,1.2544,1.1400,1.1027,1.2614,true,2.0750
475,475000,1.3476,1.4858,0.9068,1.2050,true,2.1359
476,476000,1.3281,1.5494,1.0831,1.1067,false,2.4092
477,477000,0.8854,0.9548,1.2698,0.8919,true,2.3297
478,478000,1.0273,1.1007,1.0805,1.0896,true,2.4389
479,479000,1.0125,1.3360,1.1080,1.1997,true,2.3676
480,480000,1.0119,1.2326,1.1250,1.0845,true,2.4539
481,481000,0.9164,1.1443,0.9550,0.8889,true,2.5279
482,482000,1.1512,1.2911,1.1264,1.2573,true,2.6439
483,483000,1.1474,1.1093,1.3056,1.4650,true,2.4362
484,484000,1.1398,0.9273,1.1048,1.2733,true,2.2408
485,485000,1.4946,1.0210,1.0691,1.3101,true,2.2484
486,486000,1.4431,0.9659,0.8874,1.2072,true,2.2232
487,487000,1.4322,0.8672,1.0486,1.2201,true,2.3581
488,488000,1.0904,0.8677,1.2714,1.5222,false,2.2349
489,489000,0.9242,0.7176,1.2874,1.3126,true,2.1454
490,490000,0.9628,1.0322,1.1590,1.0931,true,2.1561
491,491000,1.2056,1.4553,1.2142,1.3456,true,2.1844
492,492000,1.0531,1.2598,1.0893,1.6052,false,1.9827
493,493000,0.8787,1.1996,1.2507,1.3899,true,2.0989
494,494000,0.8521,1.0301,1.2162,1.5130,false,2.0751
495,495000,0.8277,1.1505,1.2378,1.3826,true,2.1022
496,496000,1.1201,1.0664,0.7512,1.3149,true,2.2807
497,497000,1.0819,0.8836,0.8760,1.0692,true,2.1136
498,498000,0.9671,0.8501,0.7927,1.4923,true,1.8448
499,499000,1.2911,1.1700,1.0146,1.1265,true,1.6133
500,500000,1.4044,1.2846,1.2560,1.1807,true,1.5560
