layout,formulation,passivation_effectiveness,wash_strength_relative,wash_duration_seconds,wash_cycles,contact_boost,p10_useful_capture,median_useful_capture,p10_target_retained,median_target_retained,p90_background_remaining,median_background_remaining,median_target_wash_survival,median_background_removal,reliable_90_fraction,protocol_cost_index,reliable_90
broad_grid_20,mixed_spacer_antifouling,0.90,0.25,5,1,0.30,0.8602,0.9662,0.8856,0.9857,0.0272,0.0171,0.9996,0.0178,0.7500,0.9275,no
broad_grid_20,mixed_spacer_antifouling,0.90,0.25,10,1,0.30,0.8599,0.9657,0.8850,0.9852,0.0270,0.0169,0.9993,0.0353,0.7500,0.9300,no
broad_grid_20,mixed_spacer_antifouling,0.90,0.50,5,1,0.30,0.8599,0.9655,0.8848,0.9851,0.0267,0.0167,0.9992,0.0512,0.7500,0.9375,no
broad_grid_20,mixed_spacer_antifouling,0.90,0.25,5,2,0.30,0.8597,0.9656,0.8850,0.9852,0.0270,0.0169,0.9993,0.0353,0.7500,0.9400,no
broad_grid_20,mixed_spacer_antifouling,0.90,0.75,5,1,0.30,0.8596,0.9651,0.8839,0.9845,0.0249,0.0162,0.9987,0.0939,0.7500,0.9475,no
broad_grid_20,mixed_spacer_antifouling,0.90,0.50,10,1,0.30,0.8593,0.9650,0.8833,0.9840,0.0246,0.0161,0.9984,0.0999,0.7500,0.9400,no
broad_grid_20,mixed_spacer_antifouling,0.90,1.00,5,1,0.30,0.8593,0.9650,0.8830,0.9838,0.0232,0.0155,0.9982,0.1428,0.7500,0.9575,no
broad_grid_20,mixed_spacer_antifouling,0.90,0.25,5,3,0.30,0.8592,0.9650,0.8843,0.9847,0.0266,0.0167,0.9989,0.0525,0.7500,0.9525,no
broad_grid_20,mixed_spacer_antifouling,0.90,0.25,20,1,0.30,0.8592,0.9650,0.8836,0.9842,0.0260,0.0165,0.9986,0.0693,0.7500,0.9350,no
broad_grid_20,mixed_spacer_antifouling,0.90,1.25,5,1,0.30,0.8591,0.9646,0.8821,0.9831,0.0215,0.0144,0.9977,0.1956,0.7500,0.9675,no
broad_grid_20,mixed_spacer_antifouling,0.90,0.25,10,2,0.30,0.8590,0.9648,0.8836,0.9842,0.0260,0.0165,0.9986,0.0693,0.7500,0.9450,no
broad_grid_20,mixed_spacer_antifouling,0.90,0.50,5,2,0.30,0.8590,0.9647,0.8833,0.9840,0.0246,0.0161,0.9984,0.0999,0.7500,0.9500,no
broad_grid_20,mixed_spacer_antifouling,0.90,0.25,5,4,0.30,0.8587,0.9645,0.8836,0.9842,0.0260,0.0165,0.9986,0.0693,0.7500,0.9650,no
broad_grid_20,mixed_spacer_antifouling,0.90,0.75,10,1,0.30,0.8587,0.9644,0.8816,0.9826,0.0220,0.0149,0.9975,0.1790,0.7500,0.9500,no
broad_grid_20,mixed_spacer_antifouling,0.90,1.50,5,1,0.30,0.8587,0.9643,0.8811,0.9823,0.0203,0.0128,0.9972,0.2508,0.7500,0.9775,no
broad_grid_20,mixed_spacer_antifouling,0.90,0.25,30,1,0.30,0.8584,0.9644,0.8823,0.9832,0.0245,0.0161,0.9979,0.1022,0.7500,0.9400,no
broad_grid_20,mixed_spacer_antifouling,0.90,1.75,5,1,0.30,0.8583,0.9639,0.8801,0.9811,0.0190,0.0118,0.9967,0.3070,0.7500,0.9875,no
broad_grid_20,mixed_spacer_antifouling,0.90,0.25,10,3,0.30,0.8582,0.9640,0.8823,0.9832,0.0245,0.0161,0.9979,0.1022,0.7500,0.9600,no
broad_grid_20,mixed_spacer_antifouling,0.90,0.75,5,2,0.30,0.8582,0.9639,0.8816,0.9826,0.0220,0.0149,0.9975,0.1790,0.7500,0.9600,no
broad_grid_20,mixed_spacer_antifouling,0.90,0.50,5,3,0.30,0.8580,0.9637,0.8819,0.9829,0.0231,0.0154,0.9976,0.1460,0.7500,0.9625,no
broad_grid_20,polyT30_PEG_passivated,0.90,0.25,5,1,0.30,0.8503,0.9492,0.8769,0.9750,0.0323,0.0244,0.9996,0.0178,0.7500,0.9275,no
broad_grid_20,polyT30_PEG_passivated,0.90,0.25,10,1,0.30,0.8498,0.9490,0.8761,0.9744,0.0315,0.0238,0.9993,0.0353,0.7500,0.9300,no
broad_grid_20,polyT30_PEG_passivated,0.90,0.50,5,1,0.30,0.8498,0.9490,0.8760,0.9743,0.0311,0.0234,0.9992,0.0512,0.7500,0.9375,no
broad_grid_20,polyT30_PEG_passivated,0.90,0.25,5,2,0.30,0.8497,0.9489,0.8761,0.9744,0.0315,0.0238,0.9993,0.0353,0.7500,0.9400,no
broad_grid_20,polyT30_PEG_passivated,0.90,0.75,5,1,0.30,0.8493,0.9488,0.8750,0.9736,0.0303,0.0229,0.9987,0.0939,0.7500,0.9475,no
broad_grid_20,polyT30_PEG_passivated,0.90,0.25,5,3,0.30,0.8491,0.9485,0.8754,0.9739,0.0311,0.0233,0.9989,0.0525,0.7500,0.9525,no
broad_grid_20,polyT30_PEG_passivated,0.90,0.25,20,1,0.30,0.8489,0.9486,0.8746,0.9734,0.0308,0.0231,0.9986,0.0693,0.7500,0.9350,no
broad_grid_20,polyT30_PEG_passivated,0.90,0.50,10,1,0.30,0.8488,0.9487,0.8743,0.9732,0.0302,0.0228,0.9984,0.0999,0.7500,0.9400,no
broad_grid_20,polyT30_PEG_passivated,0.90,1.00,5,1,0.30,0.8488,0.9487,0.8739,0.9729,0.0293,0.0217,0.9982,0.1428,0.7500,0.9575,no
broad_grid_20,polyT30_PEG_passivated,0.90,0.25,10,2,0.30,0.8487,0.9485,0.8746,0.9734,0.0308,0.0231,0.9986,0.0693,0.7500,0.9450,no
broad_grid_20,polyT30_PEG_passivated,0.90,0.50,5,2,0.30,0.8485,0.9483,0.8743,0.9732,0.0302,0.0228,0.9984,0.0999,0.7500,0.9500,no
broad_grid_20,polyT30_PEG_passivated,0.90,0.25,5,4,0.30,0.8484,0.9481,0.8746,0.9734,0.0308,0.0231,0.9986,0.0693,0.7500,0.9650,no
broad_grid_20,polyT30_PEG_passivated,0.90,1.25,5,1,0.30,0.8483,0.9486,0.8729,0.9721,0.0280,0.0195,0.9977,0.1956,0.7500,0.9675,no
broad_grid_20,polyT30_PEG_passivated,0.90,0.25,30,1,0.30,0.8479,0.9482,0.8731,0.9723,0.0301,0.0228,0.9979,0.1022,0.7500,0.9400,no
broad_grid_20,polyT30_PEG_passivated,0.90,0.75,10,1,0.30,0.8478,0.9484,0.8723,0.9718,0.0286,0.0202,0.9975,0.1790,0.7500,0.9500,no
broad_grid_20,polyT30_PEG_passivated,0.90,1.50,5,1,0.30,0.8478,0.9486,0.8717,0.9714,0.0258,0.0170,0.9972,0.2508,0.7500,0.9775,no
broad_grid_20,polyT30_PEG_passivated,0.90,0.25,10,3,0.30,0.8476,0.9479,0.8731,0.9723,0.0301,0.0228,0.9979,0.1022,0.7500,0.9600,no
broad_grid_20,polyT30_PEG_passivated,0.90,0.75,5,2,0.30,0.8474,0.9479,0.8723,0.9718,0.0286,0.0202,0.9975,0.1790,0.7500,0.9600,no
broad_grid_20,polyT30_PEG_passivated,0.90,0.50,5,3,0.30,0.8473,0.9477,0.8726,0.9720,0.0293,0.0216,0.9976,0.1460,0.7500,0.9625,no
broad_grid_20,polyT30_PEG_passivated,0.90,1.75,5,1,0.30,0.8472,0.9485,0.8706,0.9706,0.0239,0.0152,0.9967,0.3070,0.7500,0.9875,no
broad_grid_20,polyT30_standard,0.90,2.00,5,1,0.30,0.8234,0.8986,0.8498,0.9301,0.0407,0.0230,0.9961,0.3630,0.4722,0.9975,no
broad_grid_20,polyT30_standard,0.90,1.75,5,1,0.30,0.8233,0.8982,0.8508,0.9306,0.0435,0.0260,0.9967,0.3070,0.4722,0.9875,no
broad_grid_20,polyT30_standard,0.90,1.50,5,1,0.30,0.8231,0.8978,0.8518,0.9311,0.0462,0.0302,0.9972,0.2508,0.4722,0.9775,no
broad_grid_20,polyT30_standard,0.90,1.25,5,1,0.30,0.8229,0.8977,0.8527,0.9316,0.0489,0.0352,0.9977,0.1956,0.4444,0.9675,no
broad_grid_20,polyT30_standard,0.90,1.00,5,1,0.30,0.8227,0.8977,0.8537,0.9321,0.0527,0.0367,0.9982,0.1428,0.4167,0.9575,no
broad_grid_20,polyT30_standard,0.90,1.00,10,1,0.30,0.8227,0.8973,0.8505,0.9304,0.0455,0.0293,0.9965,0.2651,0.4722,0.9600,no
broad_grid_20,polyT30_standard,0.90,1.25,10,1,0.30,0.8227,0.8979,0.8487,0.9295,0.0412,0.0235,0.9955,0.3529,0.4722,0.9700,no
broad_grid_20,polyT30_standard,0.90,0.75,10,1,0.30,0.8225,0.8974,0.8523,0.9314,0.0501,0.0358,0.9975,0.1790,0.4167,0.9500,no
broad_grid_20,polyT30_standard,0.90,1.50,10,1,0.30,0.8225,0.8984,0.8470,0.9285,0.0369,0.0205,0.9944,0.4387,0.4722,0.9800,no
broad_grid_20,polyT30_standard,0.90,0.75,5,1,0.30,0.8224,0.8971,0.8546,0.9325,0.0550,0.0379,0.9987,0.0939,0.4167,0.9475,no
broad_grid_20,polyT30_standard,0.90,1.75,10,1,0.30,0.8224,0.8994,0.8456,0.9270,0.0327,0.0180,0.9933,0.5196,0.4722,0.9900,no
broad_grid_20,polyT30_standard,0.90,2.00,10,1,0.30,0.8224,0.9002,0.8441,0.9245,0.0287,0.0150,0.9922,0.5941,0.5000,1.0000,no
broad_grid_20,polyT30_standard,0.90,0.25,5,1,0.30,0.8222,0.8949,0.8561,0.9333,0.0587,0.0398,0.9996,0.0178,0.4167,0.9275,no
broad_grid_20,polyT30_standard,0.90,0.50,5,1,0.30,0.8222,0.8959,0.8554,0.9329,0.0570,0.0390,0.9992,0.0512,0.4167,0.9375,no
broad_grid_20,polyT30_standard,0.90,0.50,10,1,0.30,0.8222,0.8970,0.8540,0.9322,0.0547,0.0378,0.9984,0.0999,0.4167,0.9400,no
broad_grid_20,polyT30_standard,0.90,0.25,10,1,0.30,0.8221,0.8954,0.8555,0.9330,0.0577,0.0394,0.9993,0.0353,0.4167,0.9300,no
broad_grid_20,polyT30_standard,0.90,0.75,5,2,0.30,0.8221,0.8969,0.8523,0.9314,0.0501,0.0358,0.9975,0.1790,0.4167,0.9600,no
broad_grid_20,polyT30_standard,0.90,1.00,5,2,0.30,0.8221,0.8967,0.8505,0.9304,0.0455,0.0293,0.9965,0.2651,0.4722,0.9700,no
broad_grid_20,polyT30_standard,0.90,0.25,5,2,0.30,0.8220,0.8953,0.8555,0.9330,0.0577,0.0394,0.9993,0.0353,0.3889,0.9400,no
broad_grid_20,polyT30_standard,0.90,0.50,5,2,0.30,0.8220,0.8967,0.8540,0.9322,0.0547,0.0378,0.9984,0.0999,0.4167,0.9500,no
broad_grid_20,rigid_spacer_PEG,0.90,0.25,5,1,0.30,0.9027,0.9567,0.9243,0.9806,0.0336,0.0237,0.9996,0.0178,0.8889,0.9275,yes
broad_grid_20,rigid_spacer_PEG,0.90,0.25,10,1,0.30,0.9026,0.9561,0.9238,0.9799,0.0331,0.0234,0.9993,0.0353,0.8889,0.9300,yes
broad_grid_20,rigid_spacer_PEG,0.90,0.50,5,1,0.30,0.9025,0.9559,0.9237,0.9798,0.0323,0.0231,0.9992,0.0512,0.8889,0.9375,yes
broad_grid_20,rigid_spacer_PEG,0.90,0.25,5,2,0.30,0.9024,0.9559,0.9238,0.9799,0.0331,0.0234,0.9993,0.0353,0.8889,0.9400,yes
broad_grid_20,rigid_spacer_PEG,0.90,0.25,20,1,0.30,0.9023,0.9549,0.9227,0.9785,0.0314,0.0225,0.9986,0.0693,0.8889,0.9350,yes
broad_grid_20,rigid_spacer_PEG,0.90,0.50,10,1,0.30,0.9023,0.9549,0.9225,0.9782,0.0299,0.0216,0.9984,0.0999,0.8889,0.9400,yes
broad_grid_20,rigid_spacer_PEG,0.90,0.75,5,1,0.30,0.9023,0.9551,0.9230,0.9788,0.0301,0.0218,0.9987,0.0939,0.8889,0.9475,yes
broad_grid_20,rigid_spacer_PEG,0.90,0.25,10,2,0.30,0.9022,0.9547,0.9227,0.9785,0.0314,0.0225,0.9986,0.0693,0.8889,0.9450,yes
broad_grid_20,rigid_spacer_PEG,0.90,0.25,5,3,0.30,0.9021,0.9551,0.9232,0.9792,0.0322,0.0231,0.9989,0.0525,0.8889,0.9525,yes
broad_grid_20,rigid_spacer_PEG,0.90,1.00,5,1,0.30,0.9021,0.9549,0.9222,0.9778,0.0290,0.0203,0.9982,0.1428,0.8889,0.9575,yes
broad_grid_20,rigid_spacer_PEG,0.90,0.25,30,1,0.30,0.9020,0.9543,0.9217,0.9769,0.0298,0.0215,0.9979,0.1022,0.8889,0.9400,yes
broad_grid_20,rigid_spacer_PEG,0.90,0.50,5,2,0.30,0.9020,0.9546,0.9225,0.9782,0.0299,0.0216,0.9984,0.0999,0.8889,0.9500,yes
broad_grid_20,rigid_spacer_PEG,0.90,0.75,10,1,0.30,0.9020,0.9545,0.9211,0.9763,0.0282,0.0188,0.9975,0.1790,0.8889,0.9500,yes
broad_grid_20,rigid_spacer_PEG,0.90,1.25,5,1,0.30,0.9020,0.9547,0.9215,0.9767,0.0278,0.0180,0.9977,0.1956,0.8889,0.9675,yes
broad_grid_20,rigid_spacer_PEG,0.90,0.25,5,4,0.30,0.9019,0.9544,0.9227,0.9785,0.0314,0.0225,0.9986,0.0693,0.8889,0.9650,yes
broad_grid_20,rigid_spacer_PEG,0.90,1.50,5,1,0.30,0.9019,0.9545,0.9207,0.9758,0.0266,0.0163,0.9972,0.2508,0.8889,0.9775,yes
broad_grid_20,rigid_spacer_PEG,0.90,0.50,20,1,0.30,0.9018,0.9531,0.9201,0.9753,0.0279,0.0183,0.9968,0.1898,0.8889,0.9450,yes
broad_grid_20,rigid_spacer_PEG,0.90,1.00,10,1,0.30,0.9018,0.9531,0.9196,0.9746,0.0262,0.0160,0.9965,0.2651,0.8889,0.9600,yes
broad_grid_20,rigid_spacer_PEG,0.90,1.75,5,1,0.30,0.9018,0.9537,0.9199,0.9750,0.0253,0.0152,0.9967,0.3070,0.8889,0.9875,yes
broad_grid_20,rigid_spacer_PEG,0.90,0.25,10,3,0.30,0.9017,0.9540,0.9217,0.9769,0.0298,0.0215,0.9979,0.1022,0.8889,0.9600,yes
broad_grid_20,rigid_spacer_PEG,0.90,0.25,45,1,0.30,0.9016,0.9525,0.9201,0.9752,0.0288,0.0201,0.9968,0.1493,0.8889,0.9475,yes
broad_grid_20,rigid_spacer_PEG,0.90,0.50,30,1,0.30,0.9008,0.9515,0.9178,0.9724,0.0261,0.0160,0.9952,0.2707,0.8889,0.9500,yes
broad_grid_20,rigid_spacer_PEG,0.90,0.25,20,2,0.30,0.9016,0.9530,0.9206,0.9758,0.0292,0.0206,0.9971,0.1339,0.8889,0.9550,yes
broad_grid_20,rigid_spacer_PEG,0.90,0.25,60,1,0.30,0.9011,0.9512,0.9185,0.9730,0.0278,0.0181,0.9957,0.1939,0.8889,0.9550,yes
broad_grid_20,rigid_spacer_PEG,0.90,0.50,10,2,0.30,0.9015,0.9528,0.9201,0.9753,0.0279,0.0183,0.9968,0.1898,0.8889,0.9550,yes
broad_grid_20,rigid_spacer_PEG,0.90,0.75,20,1,0.30,0.9006,0.9515,0.9174,0.9721,0.0248,0.0143,0.9950,0.3259,0.8889,0.9550,yes
broad_grid_24,mixed_spacer_antifouling,0.90,0.50,5,1,0.30,0.9049,0.9651,0.9311,0.9861,0.0267,0.0185,0.9992,0.0512,0.8889,0.9375,yes
broad_grid_24,mixed_spacer_antifouling,0.90,0.75,5,1,0.30,0.9049,0.9645,0.9305,0.9851,0.0257,0.0174,0.9987,0.0939,0.8889,0.9475,yes
broad_grid_24,mixed_spacer_antifouling,0.90,1.00,5,1,0.30,0.9049,0.9638,0.9296,0.9839,0.0242,0.0167,0.9982,0.1428,0.8889,0.9575,yes
broad_grid_24,mixed_spacer_antifouling,0.90,1.25,5,1,0.30,0.9049,0.9630,0.9286,0.9830,0.0227,0.0156,0.9977,0.1956,0.8889,0.9675,yes
broad_grid_24,mixed_spacer_antifouling,0.90,1.50,5,1,0.30,0.9049,0.9623,0.9276,0.9820,0.0211,0.0143,0.9972,0.2508,0.8889,0.9775,yes
broad_grid_24,mixed_spacer_antifouling,0.90,0.25,10,1,0.30,0.9048,0.9651,0.9312,0.9862,0.0271,0.0191,0.9993,0.0353,0.8889,0.9300,yes
broad_grid_24,mixed_spacer_antifouling,0.90,1.75,5,1,0.30,0.9048,0.9615,0.9265,0.9809,0.0198,0.0130,0.9967,0.3070,0.8889,0.9875,yes
broad_grid_24,mixed_spacer_antifouling,0.90,0.25,5,1,0.30,0.9046,0.9653,0.9316,0.9868,0.0276,0.0197,0.9996,0.0178,0.8889,0.9275,yes
broad_grid_24,mixed_spacer_antifouling,0.90,0.25,5,2,0.30,0.9046,0.9649,0.9312,0.9862,0.0271,0.0191,0.9993,0.0353,0.8889,0.9400,yes
broad_grid_24,mixed_spacer_antifouling,0.90,0.50,10,1,0.30,0.9046,0.9641,0.9299,0.9843,0.0255,0.0173,0.9984,0.0999,0.8889,0.9400,yes
broad_grid_24,mixed_spacer_antifouling,0.90,2.00,5,1,0.30,0.9046,0.9606,0.9254,0.9801,0.0185,0.0116,0.9961,0.3630,0.8889,0.9975,yes
broad_grid_24,mixed_spacer_antifouling,0.90,0.75,10,1,0.30,0.9045,0.9627,0.9281,0.9826,0.0231,0.0160,0.9975,0.1790,0.8889,0.9500,yes
broad_grid_24,mixed_spacer_antifouling,0.90,0.25,20,1,0.30,0.9044,0.9643,0.9302,0.9847,0.0263,0.0179,0.9986,0.0693,0.8889,0.9350,yes
broad_grid_24,mixed_spacer_antifouling,0.90,0.25,5,3,0.30,0.9043,0.9645,0.9308,0.9856,0.0267,0.0185,0.9989,0.0525,0.8889,0.9525,yes
broad_grid_24,mixed_spacer_antifouling,0.90,0.50,5,2,0.30,0.9043,0.9638,0.9299,0.9843,0.0255,0.0173,0.9984,0.0999,0.8889,0.9500,yes
broad_grid_24,mixed_spacer_antifouling,0.90,0.25,10,2,0.30,0.9042,0.9641,0.9302,0.9847,0.0263,0.0179,0.9986,0.0693,0.8889,0.9450,yes
broad_grid_24,mixed_spacer_antifouling,0.90,1.00,10,1,0.30,0.9042,0.9613,0.9262,0.9806,0.0208,0.0140,0.9965,0.2651,0.8889,0.9600,yes
broad_grid_24,mixed_spacer_antifouling,0.90,0.75,5,2,0.30,0.9040,0.9622,0.9281,0.9826,0.0231,0.0160,0.9975,0.1790,0.8889,0.9600,yes
broad_grid_24,mixed_spacer_antifouling,0.90,0.25,5,4,0.30,0.9039,0.9638,0.9302,0.9847,0.0263,0.0179,0.9986,0.0693,0.8889,0.9650,yes
broad_grid_24,mixed_spacer_antifouling,0.90,0.25,30,1,0.30,0.9039,0.9631,0.9288,0.9832,0.0255,0.0173,0.9979,0.1022,0.8889,0.9400,yes
broad_grid_24,mixed_spacer_antifouling,0.90,0.50,20,1,0.30,0.9037,0.9617,0.9269,0.9811,0.0229,0.0158,0.9968,0.1898,0.8889,0.9450,yes
broad_grid_24,mixed_spacer_antifouling,0.90,0.25,45,1,0.30,0.9030,0.9614,0.9268,0.9811,0.0239,0.0166,0.9968,0.1493,0.8889,0.9475,yes
broad_grid_24,mixed_spacer_antifouling,0.90,0.50,30,1,0.30,0.9025,0.9590,0.9238,0.9784,0.0207,0.0138,0.9952,0.2707,0.8889,0.9500,yes
broad_grid_24,mixed_spacer_antifouling,0.90,0.25,20,2,0.30,0.9032,0.9618,0.9275,0.9819,0.0247,0.0168,0.9971,0.1339,0.8889,0.9550,yes
broad_grid_24,mixed_spacer_antifouling,0.90,0.25,60,1,0.30,0.9021,0.9596,0.9247,0.9795,0.0228,0.0156,0.9957,0.1939,0.8889,0.9550,yes
broad_grid_24,mixed_spacer_antifouling,0.90,0.50,10,2,0.30,0.9034,0.9613,0.9269,0.9811,0.0229,0.0158,0.9968,0.1898,0.8889,0.9550,yes
broad_grid_24,mixed_spacer_antifouling,0.90,0.75,20,1,0.30,0.9028,0.9586,0.9232,0.9775,0.0194,0.0127,0.9950,0.3259,0.8889,0.9550,yes
broad_grid_24,mixed_spacer_antifouling,0.90,0.50,45,1,0.30,0.9001,0.9560,0.9192,0.9718,0.0182,0.0112,0.9929,0.3771,0.8889,0.9575,yes
broad_grid_24,polyT30_PEG_passivated,0.90,0.25,5,1,0.30,0.6223,0.9373,0.6402,0.9677,0.0430,0.0287,0.9996,0.0178,0.7222,0.9275,no
broad_grid_24,polyT30_PEG_passivated,0.90,0.25,10,1,0.30,0.6219,0.9369,0.6396,0.9672,0.0421,0.0278,0.9993,0.0353,0.7222,0.9300,no
broad_grid_24,polyT30_PEG_passivated,0.90,0.50,5,1,0.30,0.6219,0.9368,0.6395,0.9671,0.0414,0.0270,0.9992,0.0512,0.7222,0.9375,no
broad_grid_24,polyT30_PEG_passivated,0.90,0.25,5,2,0.30,0.6218,0.9368,0.6396,0.9672,0.0421,0.0278,0.9993,0.0353,0.7222,0.9400,no
broad_grid_24,polyT30_PEG_passivated,0.90,0.75,5,1,0.30,0.6214,0.9366,0.6388,0.9661,0.0394,0.0246,0.9987,0.0939,0.7222,0.9475,no
broad_grid_24,polyT30_PEG_passivated,0.90,0.25,5,3,0.30,0.6213,0.9362,0.6391,0.9665,0.0413,0.0269,0.9989,0.0525,0.7222,0.9525,no
broad_grid_24,polyT30_PEG_passivated,0.90,0.25,20,1,0.30,0.6211,0.9362,0.6385,0.9657,0.0405,0.0257,0.9986,0.0693,0.7222,0.9350,no
broad_grid_24,polyT30_PEG_passivated,0.90,0.25,10,2,0.30,0.6210,0.9360,0.6385,0.9657,0.0405,0.0257,0.9986,0.0693,0.7222,0.9450,no
broad_grid_24,polyT30_PEG_passivated,0.90,0.50,10,1,0.30,0.6210,0.9367,0.6383,0.9655,0.0391,0.0244,0.9984,0.0999,0.7222,0.9400,no
broad_grid_24,polyT30_PEG_passivated,0.90,1.00,5,1,0.30,0.6210,0.9372,0.6380,0.9652,0.0367,0.0231,0.9982,0.1428,0.7222,0.9575,no
broad_grid_24,polyT30_PEG_passivated,0.90,0.25,5,4,0.30,0.6208,0.9357,0.6385,0.9657,0.0405,0.0257,0.9986,0.0693,0.7222,0.9650,no
broad_grid_24,polyT30_PEG_passivated,0.90,0.50,5,2,0.30,0.6208,0.9363,0.6383,0.9655,0.0391,0.0244,0.9984,0.0999,0.7222,0.9500,no
broad_grid_24,polyT30_PEG_passivated,0.90,1.25,5,1,0.30,0.6206,0.9378,0.6372,0.9644,0.0341,0.0218,0.9977,0.1956,0.7222,0.9675,no
broad_grid_24,polyT30_PEG_passivated,0.90,0.25,30,1,0.30,0.6202,0.9365,0.6374,0.9646,0.0390,0.0243,0.9979,0.1022,0.7222,0.9400,no
broad_grid_24,polyT30_PEG_passivated,0.90,0.75,10,1,0.30,0.6202,0.9377,0.6368,0.9641,0.0347,0.0222,0.9975,0.1790,0.7222,0.9500,no
broad_grid_24,polyT30_PEG_passivated,0.90,1.50,5,1,0.30,0.6201,0.9380,0.6364,0.9636,0.0328,0.0194,0.9972,0.2508,0.7222,0.9775,no
broad_grid_24,polyT30_PEG_passivated,0.90,0.25,10,3,0.30,0.6200,0.9362,0.6374,0.9646,0.0390,0.0243,0.9979,0.1022,0.7222,0.9600,no
broad_grid_24,polyT30_PEG_passivated,0.90,0.75,5,2,0.30,0.6199,0.9372,0.6368,0.9641,0.0347,0.0222,0.9975,0.1790,0.7222,0.9600,no
broad_grid_24,polyT30_PEG_passivated,0.90,0.50,5,3,0.30,0.6198,0.9366,0.6371,0.9643,0.0365,0.0230,0.9976,0.1460,0.7222,0.9625,no
broad_grid_24,polyT30_PEG_passivated,0.90,1.75,5,1,0.30,0.6196,0.9383,0.6356,0.9632,0.0314,0.0175,0.9967,0.3070,0.7222,0.9875,no
broad_grid_24,polyT30_standard,0.90,2.00,5,1,0.30,0.8199,0.9130,0.8513,0.9435,0.0467,0.0273,0.9961,0.3630,0.5833,0.9975,no
broad_grid_24,polyT30_standard,0.90,1.75,5,1,0.30,0.8193,0.9123,0.8524,0.9440,0.0499,0.0295,0.9967,0.3070,0.5833,0.9875,no
broad_grid_24,polyT30_standard,0.90,0.25,5,1,0.30,0.8192,0.9100,0.8587,0.9466,0.0651,0.0415,0.9996,0.0178,0.5833,0.9275,no
broad_grid_24,polyT30_standard,0.90,1.50,10,1,0.30,0.8191,0.9144,0.8473,0.9420,0.0423,0.0240,0.9944,0.4387,0.5833,0.9800,no
broad_grid_24,polyT30_standard,0.90,0.50,5,1,0.30,0.8190,0.9101,0.8578,0.9463,0.0636,0.0399,0.9992,0.0512,0.5833,0.9375,no
broad_grid_24,polyT30_standard,0.90,0.25,10,1,0.30,0.8189,0.9100,0.8580,0.9463,0.0642,0.0406,0.9993,0.0353,0.5833,0.9300,no
broad_grid_24,polyT30_standard,0.90,0.75,5,1,0.30,0.8189,0.9104,0.8568,0.9458,0.0615,0.0384,0.9987,0.0939,0.5833,0.9475,no
broad_grid_24,polyT30_standard,0.90,1.00,5,1,0.30,0.8189,0.9108,0.8558,0.9454,0.0581,0.0367,0.9982,0.1428,0.5833,0.9575,no
broad_grid_24,polyT30_standard,0.90,1.25,5,1,0.30,0.8189,0.9112,0.8547,0.9450,0.0555,0.0344,0.9977,0.1956,0.5833,0.9675,no
broad_grid_24,polyT30_standard,0.90,1.50,5,1,0.30,0.8189,0.9117,0.8536,0.9445,0.0528,0.0320,0.9972,0.2508,0.5833,0.9775,no
broad_grid_24,polyT30_standard,0.90,1.75,10,1,0.30,0.8189,0.9156,0.8445,0.9411,0.0382,0.0198,0.9933,0.5196,0.5833,0.9900,no
broad_grid_24,polyT30_standard,0.90,0.25,5,2,0.30,0.8188,0.9099,0.8580,0.9463,0.0642,0.0406,0.9993,0.0353,0.5833,0.9400,no
broad_grid_24,polyT30_standard,0.90,1.25,10,1,0.30,0.8188,0.9130,0.8499,0.9430,0.0473,0.0277,0.9955,0.3529,0.5833,0.9700,no
broad_grid_24,polyT30_standard,0.90,0.50,10,1,0.30,0.8186,0.9105,0.8561,0.9456,0.0609,0.0382,0.9984,0.0999,0.5833,0.9400,no
broad_grid_24,polyT30_standard,0.90,0.25,5,3,0.30,0.8184,0.9098,0.8572,0.9460,0.0636,0.0398,0.9989,0.0525,0.5833,0.9525,no
broad_grid_24,polyT30_standard,0.90,0.25,20,1,0.30,0.8184,0.9102,0.8565,0.9457,0.0630,0.0392,0.9986,0.0693,0.5833,0.9350,no
broad_grid_24,polyT30_standard,0.90,0.75,10,1,0.30,0.8184,0.9111,0.8542,0.9447,0.0564,0.0350,0.9975,0.1790,0.5833,0.9500,no
broad_grid_24,polyT30_standard,0.90,0.25,10,2,0.30,0.8183,0.9100,0.8565,0.9457,0.0630,0.0392,0.9986,0.0693,0.5833,0.9450,no
broad_grid_24,polyT30_standard,0.90,0.50,5,2,0.30,0.8183,0.9102,0.8561,0.9456,0.0609,0.0382,0.9984,0.0999,0.5833,0.9500,no
broad_grid_24,polyT30_standard,0.90,1.50,5,2,0.30,0.8183,0.9135,0.8473,0.9420,0.0423,0.0240,0.9944,0.4387,0.5833,0.9900,no
broad_grid_24,rigid_spacer_PEG,0.90,2.00,10,1,0.30,0.9193,0.9566,0.9459,0.9693,0.0194,0.0092,0.9922,0.5941,0.9444,1.0000,yes
broad_grid_24,rigid_spacer_PEG,0.90,1.75,10,1,0.30,0.9191,0.9571,0.9467,0.9715,0.0214,0.0112,0.9933,0.5196,0.9444,0.9900,yes
broad_grid_24,rigid_spacer_PEG,0.90,1.25,20,1,0.30,0.9187,0.9552,0.9450,0.9673,0.0198,0.0095,0.9909,0.5812,0.9167,0.9750,yes
broad_grid_24,rigid_spacer_PEG,0.90,1.50,10,1,0.30,0.9186,0.9570,0.9475,0.9729,0.0233,0.0136,0.9944,0.4387,0.9444,0.9800,yes
broad_grid_24,rigid_spacer_PEG,0.90,1.50,20,1,0.30,0.9186,0.9509,0.9429,0.9638,0.0167,0.0073,0.9888,0.6848,0.9167,0.9850,yes
broad_grid_24,rigid_spacer_PEG,0.90,1.00,20,1,0.30,0.9183,0.9566,0.9464,0.9710,0.0229,0.0129,0.9930,0.4599,0.9444,0.9650,yes
broad_grid_24,rigid_spacer_PEG,0.90,1.00,30,1,0.30,0.9182,0.9526,0.9439,0.9649,0.0192,0.0090,0.9895,0.6030,0.9167,0.9700,yes
broad_grid_24,rigid_spacer_PEG,0.90,1.75,20,1,0.30,0.9181,0.9457,0.9387,0.9595,0.0139,0.0055,0.9867,0.7691,0.9167,0.9950,yes
broad_grid_24,rigid_spacer_PEG,0.90,2.00,5,1,0.30,0.9181,0.9572,0.9487,0.9757,0.0251,0.0153,0.9961,0.3630,0.9444,0.9975,yes
broad_grid_24,rigid_spacer_PEG,0.90,2.00,5,2,0.30,0.9181,0.9553,0.9459,0.9693,0.0194,0.0092,0.9922,0.5941,0.9444,1.0100,yes
broad_grid_24,rigid_spacer_PEG,0.90,1.75,5,2,0.30,0.9180,0.9559,0.9467,0.9715,0.0214,0.0112,0.9933,0.5196,0.9444,1.0000,yes
broad_grid_24,rigid_spacer_PEG,0.90,1.25,10,1,0.30,0.9179,0.9569,0.9483,0.9746,0.0254,0.0155,0.9955,0.3529,0.9444,0.9700,yes
broad_grid_24,rigid_spacer_PEG,0.90,1.25,10,2,0.30,0.9179,0.9544,0.9450,0.9673,0.0198,0.0095,0.9909,0.5812,0.9167,0.9850,yes
broad_grid_24,rigid_spacer_PEG,0.90,0.75,30,1,0.30,0.9178,0.9561,0.9461,0.9697,0.0232,0.0134,0.9924,0.4466,0.9444,0.9600,yes
broad_grid_24,rigid_spacer_PEG,0.90,1.00,10,2,0.30,0.9177,0.9559,0.9464,0.9710,0.0229,0.0129,0.9930,0.4599,0.9444,0.9750,yes
broad_grid_24,rigid_spacer_PEG,0.90,1.25,30,1,0.30,0.9177,0.9453,0.9382,0.9591,0.0152,0.0064,0.9864,0.7289,0.9167,0.9800,yes
broad_grid_24,rigid_spacer_PEG,0.90,1.50,5,2,0.30,0.9177,0.9560,0.9475,0.9729,0.0233,0.0136,0.9944,0.4387,0.9444,0.9900,yes
broad_grid_24,rigid_spacer_PEG,0.90,1.50,10,2,0.30,0.9177,0.9499,0.9429,0.9638,0.0167,0.0073,0.9888,0.6848,0.9167,0.9950,yes
broad_grid_24,rigid_spacer_PEG,0.90,1.75,5,1,0.30,0.9176,0.9578,0.9491,0.9766,0.0264,0.0164,0.9967,0.3070,0.9444,0.9875,yes
broad_grid_24,rigid_spacer_PEG,0.90,0.75,45,1,0.30,0.9175,0.9505,0.9426,0.9636,0.0196,0.0093,0.9887,0.5882,0.9167,0.9675,yes
broad_grid_24,rigid_spacer_PEG,0.60,1.75,20,1,0.30,0.9009,0.9407,0.9387,0.9595,0.0555,0.0222,0.9867,0.7691,0.9167,0.7250,yes
broad_grid_24,rigid_spacer_PEG,0.60,2.00,20,1,0.30,0.9013,0.9388,0.9331,0.9565,0.0455,0.0162,0.9845,0.8351,0.9167,0.7350,yes
broad_grid_24,rigid_spacer_PEG,0.60,2.00,10,2,0.30,0.9001,0.9375,0.9331,0.9565,0.0455,0.0162,0.9845,0.8351,0.8889,0.7450,yes
broad_grid_24,rigid_spacer_PEG,0.70,0.75,30,1,0.30,0.9004,0.9418,0.9461,0.9697,0.0695,0.0403,0.9924,0.4466,0.9167,0.7800,yes
broad_grid_24,rigid_spacer_PEG,0.70,0.50,60,1,0.30,0.9003,0.9394,0.9447,0.9666,0.0681,0.0380,0.9905,0.4680,0.8889,0.7850,yes
broad_grid_24,rigid_spacer_PEG,0.70,1.00,20,1,0.30,0.9013,0.9434,0.9464,0.9710,0.0686,0.0388,0.9930,0.4599,0.9167,0.7850,yes
broad_grid_24,rigid_spacer_PEG,0.70,0.75,45,1,0.30,0.9029,0.9417,0.9426,0.9636,0.0588,0.0280,0.9887,0.5882,0.9167,0.7875,yes
broad_grid_24,rigid_spacer_PEG,0.70,1.00,30,1,0.30,0.9044,0.9430,0.9439,0.9649,0.0576,0.0271,0.9895,0.6030,0.9167,0.7900,yes
broad_grid_24,rigid_spacer_PEG,0.70,0.50,30,2,0.30,0.9000,0.9391,0.9447,0.9666,0.0681,0.0380,0.9905,0.4680,0.8889,0.7950,yes
broad_grid_24,rigid_spacer_PEG,0.70,0.75,20,2,0.30,0.9025,0.9410,0.9442,0.9656,0.0620,0.0311,0.9899,0.5456,0.9167,0.7950,yes
broad_grid_24,rigid_spacer_PEG,0.70,0.75,60,1,0.30,0.9020,0.9392,0.9346,0.9570,0.0492,0.0215,0.9849,0.6936,0.9167,0.7950,yes
broad_grid_24,rigid_spacer_PEG,0.70,1.00,10,2,0.30,0.9007,0.9428,0.9464,0.9710,0.0686,0.0388,0.9930,0.4599,0.9167,0.7950,yes
broad_grid_24,rigid_spacer_PEG,0.70,1.25,20,1,0.30,0.9054,0.9437,0.9450,0.9673,0.0593,0.0286,0.9909,0.5812,0.9167,0.7950,yes
broad_grid_24,rigid_spacer_PEG,0.70,1.00,45,1,0.30,0.9034,0.9389,0.9324,0.9563,0.0436,0.0179,0.9843,0.7498,0.9167,0.7975,yes
broad_grid_24,rigid_spacer_PEG,0.70,1.25,30,1,0.30,0.9053,0.9422,0.9382,0.9591,0.0457,0.0192,0.9864,0.7289,0.9167,0.8000,yes
broad_grid_24,rigid_spacer_PEG,0.70,1.50,10,1,0.30,0.9009,0.9437,0.9475,0.9729,0.0700,0.0407,0.9944,0.4387,0.9167,0.8000,yes
broad_grid_24,rigid_spacer_PEG,0.70,0.75,30,2,0.30,0.9015,0.9388,0.9346,0.9570,0.0492,0.0215,0.9849,0.6936,0.9167,0.8050,yes
broad_grid_24,rigid_spacer_PEG,0.70,1.00,20,2,0.30,0.9034,0.9405,0.9374,0.9584,0.0477,0.0205,0.9860,0.7082,0.9167,0.8050,yes
broad_grid_24,rigid_spacer_PEG,0.70,1.25,10,2,0.30,0.9047,0.9429,0.9450,0.9673,0.0593,0.0286,0.9909,0.5812,0.9167,0.8050,yes
broad_grid_24,rigid_spacer_PEG,0.70,1.50,20,1,0.30,0.9066,0.9444,0.9429,0.9638,0.0501,0.0220,0.9888,0.6848,0.9167,0.8050,yes
four_patch_24,mixed_spacer_antifouling,0.90,0.25,5,1,0.30,0.8628,0.9633,0.8847,0.9843,0.0322,0.0221,0.9996,0.0178,0.8056,0.9275,no
four_patch_24,mixed_spacer_antifouling,0.90,0.25,10,1,0.30,0.8623,0.9630,0.8840,0.9841,0.0318,0.0217,0.9993,0.0353,0.8056,0.9300,no
four_patch_24,mixed_spacer_antifouling,0.90,0.25,5,2,0.30,0.8622,0.9628,0.8840,0.9841,0.0318,0.0217,0.9993,0.0353,0.8056,0.9400,no
four_patch_24,mixed_spacer_antifouling,0.90,0.50,5,1,0.30,0.8622,0.9628,0.8838,0.9840,0.0311,0.0212,0.9992,0.0512,0.8056,0.9375,no
four_patch_24,mixed_spacer_antifouling,0.90,0.75,5,1,0.30,0.8616,0.9624,0.8829,0.9837,0.0291,0.0206,0.9987,0.0939,0.8056,0.9475,no
four_patch_24,mixed_spacer_antifouling,0.90,0.25,5,3,0.30,0.8615,0.9623,0.8832,0.9838,0.0310,0.0212,0.9989,0.0525,0.8056,0.9525,no
four_patch_24,mixed_spacer_antifouling,0.90,0.25,20,1,0.30,0.8613,0.9623,0.8825,0.9836,0.0302,0.0209,0.9986,0.0693,0.8056,0.9350,no
four_patch_24,mixed_spacer_antifouling,0.90,0.50,10,1,0.30,0.8612,0.9622,0.8822,0.9834,0.0288,0.0205,0.9984,0.0999,0.8056,0.9400,no
four_patch_24,mixed_spacer_antifouling,0.90,0.25,10,2,0.30,0.8611,0.9621,0.8825,0.9836,0.0302,0.0209,0.9986,0.0693,0.8056,0.9450,no
four_patch_24,mixed_spacer_antifouling,0.90,1.00,5,1,0.30,0.8610,0.9618,0.8819,0.9832,0.0270,0.0193,0.9982,0.1428,0.8056,0.9575,no
four_patch_24,mixed_spacer_antifouling,0.90,0.50,5,2,0.30,0.8609,0.9618,0.8822,0.9834,0.0288,0.0205,0.9984,0.0999,0.8056,0.9500,no
four_patch_24,mixed_spacer_antifouling,0.90,0.25,5,4,0.30,0.8608,0.9618,0.8825,0.9836,0.0302,0.0209,0.9986,0.0693,0.8056,0.9650,no
four_patch_24,mixed_spacer_antifouling,0.90,1.25,5,1,0.30,0.8604,0.9608,0.8808,0.9823,0.0251,0.0174,0.9977,0.1956,0.8056,0.9675,no
four_patch_24,mixed_spacer_antifouling,0.90,0.25,30,1,0.30,0.8602,0.9613,0.8811,0.9826,0.0287,0.0204,0.9979,0.1022,0.8056,0.9400,no
four_patch_24,mixed_spacer_antifouling,0.90,0.75,10,1,0.30,0.8600,0.9605,0.8803,0.9820,0.0257,0.0180,0.9975,0.1790,0.8056,0.9500,no
four_patch_24,mixed_spacer_antifouling,0.90,0.25,10,3,0.30,0.8599,0.9610,0.8811,0.9826,0.0287,0.0204,0.9979,0.1022,0.8056,0.9600,no
four_patch_24,mixed_spacer_antifouling,0.90,1.50,5,1,0.30,0.8598,0.9598,0.8798,0.9818,0.0232,0.0158,0.9972,0.2508,0.8056,0.9775,no
four_patch_24,mixed_spacer_antifouling,0.90,0.75,5,2,0.30,0.8596,0.9600,0.8803,0.9820,0.0257,0.0180,0.9975,0.1790,0.8056,0.9600,no
four_patch_24,mixed_spacer_antifouling,0.90,0.50,5,3,0.30,0.8595,0.9602,0.8806,0.9822,0.0269,0.0192,0.9976,0.1460,0.8056,0.9625,no
four_patch_24,mixed_spacer_antifouling,0.90,1.75,5,1,0.30,0.8591,0.9588,0.8787,0.9815,0.0218,0.0144,0.9967,0.3070,0.8056,0.9875,no
four_patch_24,polyT30_PEG_passivated,0.90,1.75,10,1,0.30,0.6519,0.9205,0.6658,0.9429,0.0223,0.0127,0.9933,0.5196,0.5556,0.9900,no
four_patch_24,polyT30_PEG_passivated,0.90,2.00,10,1,0.30,0.6519,0.9198,0.6648,0.9408,0.0197,0.0109,0.9922,0.5941,0.5556,1.0000,no
four_patch_24,polyT30_PEG_passivated,0.90,1.50,10,1,0.30,0.6518,0.9209,0.6667,0.9449,0.0252,0.0155,0.9944,0.4387,0.5556,0.9800,no
four_patch_24,polyT30_PEG_passivated,0.90,2.00,5,1,0.30,0.6518,0.9217,0.6682,0.9481,0.0283,0.0179,0.9961,0.3630,0.5556,0.9975,no
four_patch_24,polyT30_PEG_passivated,0.90,1.25,10,1,0.30,0.6517,0.9211,0.6677,0.9469,0.0287,0.0181,0.9955,0.3529,0.5556,0.9700,no
four_patch_24,polyT30_PEG_passivated,0.90,1.75,5,1,0.30,0.6517,0.9217,0.6687,0.9492,0.0309,0.0189,0.9967,0.3070,0.5556,0.9875,no
four_patch_24,polyT30_PEG_passivated,0.90,0.25,5,1,0.30,0.6516,0.9210,0.6714,0.9536,0.0433,0.0303,0.9996,0.0178,0.5556,0.9275,no
four_patch_24,polyT30_PEG_passivated,0.90,1.00,10,1,0.30,0.6516,0.9211,0.6686,0.9489,0.0324,0.0204,0.9965,0.2651,0.5556,0.9600,no
four_patch_24,polyT30_PEG_passivated,0.90,1.25,5,1,0.30,0.6516,0.9214,0.6697,0.9508,0.0345,0.0228,0.9977,0.1956,0.5556,0.9675,no
four_patch_24,polyT30_PEG_passivated,0.90,1.50,5,1,0.30,0.6516,0.9215,0.6692,0.9501,0.0328,0.0207,0.9972,0.2508,0.5556,0.9775,no
four_patch_24,polyT30_PEG_passivated,0.90,0.25,10,1,0.30,0.6515,0.9209,0.6711,0.9531,0.0422,0.0297,0.9993,0.0353,0.5556,0.9300,no
four_patch_24,polyT30_PEG_passivated,0.90,0.50,5,1,0.30,0.6515,0.9210,0.6710,0.9530,0.0412,0.0290,0.9992,0.0512,0.5556,0.9375,no
four_patch_24,polyT30_PEG_passivated,0.90,0.50,10,1,0.30,0.6515,0.9209,0.6703,0.9518,0.0389,0.0266,0.9984,0.0999,0.5556,0.9400,no
four_patch_24,polyT30_PEG_passivated,0.90,0.75,5,1,0.30,0.6515,0.9211,0.6706,0.9523,0.0391,0.0269,0.9987,0.0939,0.5556,0.9475,no
four_patch_24,polyT30_PEG_passivated,0.90,0.75,10,1,0.30,0.6515,0.9210,0.6695,0.9505,0.0352,0.0233,0.9975,0.1790,0.5556,0.9500,no
four_patch_24,polyT30_PEG_passivated,0.90,0.75,20,1,0.30,0.6515,0.9202,0.6672,0.9460,0.0299,0.0186,0.9950,0.3259,0.5556,0.9550,no
four_patch_24,polyT30_PEG_passivated,0.90,1.00,5,1,0.30,0.6515,0.9212,0.6702,0.9516,0.0370,0.0243,0.9982,0.1428,0.5556,0.9575,no
four_patch_24,polyT30_PEG_passivated,0.90,1.00,20,1,0.30,0.6515,0.9195,0.6655,0.9423,0.0244,0.0146,0.9930,0.4599,0.5556,0.9650,no
four_patch_24,polyT30_PEG_passivated,0.90,1.25,20,1,0.30,0.6515,0.9183,0.6636,0.9384,0.0201,0.0112,0.9909,0.5812,0.5278,0.9750,no
four_patch_24,polyT30_PEG_passivated,0.90,0.25,5,2,0.30,0.6514,0.9207,0.6711,0.9531,0.0422,0.0297,0.9993,0.0353,0.5556,0.9400,no
four_patch_24,polyT30_standard,0.90,2.00,10,1,0.30,0.6094,0.9021,0.6312,0.9281,0.0321,0.0162,0.9922,0.5941,0.5278,1.0000,no
four_patch_24,polyT30_standard,0.90,1.75,10,1,0.30,0.6092,0.9026,0.6325,0.9300,0.0359,0.0205,0.9933,0.5196,0.5556,0.9900,no
four_patch_24,polyT30_standard,0.90,1.50,10,1,0.30,0.6087,0.9029,0.6338,0.9313,0.0400,0.0261,0.9944,0.4387,0.5556,0.9800,no
four_patch_24,polyT30_standard,0.90,1.25,20,1,0.30,0.6086,0.9001,0.6297,0.9256,0.0326,0.0168,0.9909,0.5812,0.5000,0.9750,no
four_patch_24,polyT30_standard,0.90,2.00,5,2,0.30,0.6086,0.9009,0.6312,0.9281,0.0321,0.0162,0.9922,0.5941,0.5278,1.0100,no
four_patch_24,polyT30_standard,0.90,1.75,5,2,0.30,0.6085,0.9015,0.6325,0.9300,0.0359,0.0205,0.9933,0.5196,0.5278,1.0000,no
four_patch_24,polyT30_standard,0.90,1.50,20,1,0.30,0.6083,0.8966,0.6273,0.9213,0.0276,0.0122,0.9888,0.6848,0.4722,0.9850,no
four_patch_24,polyT30_standard,0.90,1.00,20,1,0.30,0.6082,0.9011,0.6321,0.9295,0.0390,0.0247,0.9930,0.4599,0.5278,0.9650,no
four_patch_24,polyT30_standard,0.90,2.00,5,1,0.30,0.6082,0.9039,0.6358,0.9340,0.0439,0.0278,0.9961,0.3630,0.5833,0.9975,no
four_patch_24,polyT30_standard,0.90,1.25,10,2,0.30,0.6081,0.8993,0.6297,0.9256,0.0326,0.0168,0.9909,0.5812,0.4444,0.9850,no
four_patch_24,polyT30_standard,0.90,1.50,5,2,0.30,0.6081,0.9020,0.6338,0.9313,0.0400,0.0261,0.9944,0.4387,0.5556,0.9900,no
four_patch_24,polyT30_standard,0.90,1.00,30,1,0.30,0.6079,0.8969,0.6280,0.9227,0.0318,0.0158,0.9895,0.6030,0.4444,0.9700,no
four_patch_24,polyT30_standard,0.90,1.00,10,2,0.30,0.6078,0.9005,0.6321,0.9295,0.0390,0.0247,0.9930,0.4599,0.5000,0.9750,no
four_patch_24,polyT30_standard,0.90,1.25,10,1,0.30,0.6078,0.9030,0.6350,0.9331,0.0445,0.0280,0.9955,0.3529,0.5556,0.9700,no
four_patch_24,polyT30_standard,0.90,1.50,5,3,0.30,0.6077,0.8993,0.6305,0.9269,0.0327,0.0169,0.9916,0.5794,0.4722,1.0025,no
four_patch_24,polyT30_standard,0.90,1.50,10,2,0.30,0.6077,0.8957,0.6273,0.9213,0.0276,0.0122,0.9888,0.6848,0.4444,0.9950,no
four_patch_24,polyT30_standard,0.90,0.75,30,1,0.30,0.6076,0.9001,0.6315,0.9285,0.0396,0.0257,0.9924,0.4466,0.5000,0.9600,no
four_patch_24,polyT30_standard,0.90,1.25,5,3,0.30,0.6076,0.9003,0.6324,0.9298,0.0380,0.0233,0.9932,0.4795,0.5000,0.9925,no
four_patch_24,polyT30_standard,0.90,1.75,5,1,0.30,0.6075,0.9034,0.6364,0.9348,0.0471,0.0306,0.9967,0.3070,0.5833,0.9875,no
four_patch_24,polyT30_standard,0.90,1.75,5,3,0.30,0.6074,0.8964,0.6286,0.9237,0.0286,0.0129,0.9900,0.6670,0.4444,1.0125,no
four_patch_24,rigid_spacer_PEG,0.90,2.00,5,1,0.30,0.7543,0.9440,0.7795,0.9657,0.0287,0.0158,0.9961,0.3630,0.8056,0.9975,no
four_patch_24,rigid_spacer_PEG,0.90,1.75,5,1,0.30,0.7541,0.9442,0.7802,0.9661,0.0305,0.0183,0.9967,0.3070,0.8056,0.9875,no
four_patch_24,rigid_spacer_PEG,0.90,1.50,5,1,0.30,0.7539,0.9447,0.7809,0.9671,0.0319,0.0210,0.9972,0.2508,0.8056,0.9775,no
four_patch_24,rigid_spacer_PEG,0.90,1.50,10,1,0.30,0.7538,0.9434,0.7773,0.9646,0.0261,0.0134,0.9944,0.4387,0.8056,0.9800,no
four_patch_24,rigid_spacer_PEG,0.90,1.75,10,1,0.30,0.7538,0.9426,0.7759,0.9627,0.0227,0.0110,0.9933,0.5196,0.8056,0.9900,no
four_patch_24,rigid_spacer_PEG,0.90,1.25,10,1,0.30,0.7537,0.9438,0.7787,0.9653,0.0290,0.0161,0.9955,0.3529,0.8056,0.9700,no
four_patch_24,rigid_spacer_PEG,0.90,1.25,5,1,0.30,0.7536,0.9449,0.7816,0.9681,0.0336,0.0233,0.9977,0.1956,0.8056,0.9675,no
four_patch_24,rigid_spacer_PEG,0.90,2.00,10,1,0.30,0.7536,0.9418,0.7745,0.9613,0.0201,0.0091,0.9922,0.5941,0.8056,1.0000,no
four_patch_24,rigid_spacer_PEG,0.90,1.00,10,1,0.30,0.7535,0.9437,0.7800,0.9660,0.0316,0.0204,0.9965,0.2651,0.8056,0.9600,no
four_patch_24,rigid_spacer_PEG,0.90,1.00,5,1,0.30,0.7534,0.9448,0.7823,0.9692,0.0352,0.0250,0.9982,0.1428,0.8056,0.9575,no
four_patch_24,rigid_spacer_PEG,0.90,0.25,5,1,0.30,0.7533,0.9446,0.7841,0.9719,0.0393,0.0280,0.9996,0.0178,0.8056,0.9275,no
four_patch_24,rigid_spacer_PEG,0.90,0.75,5,1,0.30,0.7533,0.9446,0.7829,0.9702,0.0366,0.0263,0.9987,0.0939,0.8056,0.9475,no
four_patch_24,rigid_spacer_PEG,0.90,0.75,10,1,0.30,0.7533,0.9446,0.7813,0.9676,0.0341,0.0238,0.9975,0.1790,0.8056,0.9500,no
four_patch_24,rigid_spacer_PEG,0.90,0.50,5,1,0.30,0.7532,0.9445,0.7835,0.9712,0.0378,0.0272,0.9992,0.0512,0.8056,0.9375,no
four_patch_24,rigid_spacer_PEG,0.90,0.25,10,1,0.30,0.7531,0.9445,0.7836,0.9713,0.0387,0.0276,0.9993,0.0353,0.8056,0.9300,no
four_patch_24,rigid_spacer_PEG,0.90,0.50,10,1,0.30,0.7531,0.9446,0.7825,0.9696,0.0364,0.0260,0.9984,0.0999,0.8056,0.9400,no
four_patch_24,rigid_spacer_PEG,0.90,1.25,5,2,0.30,0.7531,0.9430,0.7787,0.9653,0.0290,0.0161,0.9955,0.3529,0.8056,0.9800,no
four_patch_24,rigid_spacer_PEG,0.90,0.25,5,2,0.30,0.7530,0.9444,0.7836,0.9713,0.0387,0.0276,0.9993,0.0353,0.8056,0.9400,no
four_patch_24,rigid_spacer_PEG,0.90,1.00,5,2,0.30,0.7530,0.9430,0.7800,0.9660,0.0316,0.0204,0.9965,0.2651,0.8056,0.9700,no
four_patch_24,rigid_spacer_PEG,0.90,1.50,5,2,0.30,0.7530,0.9424,0.7773,0.9646,0.0261,0.0134,0.9944,0.4387,0.8056,0.9900,no
hybrid_24,mixed_spacer_antifouling,0.90,0.25,5,1,0.30,0.8758,0.9649,0.9021,0.9866,0.0301,0.0191,0.9996,0.0178,0.8333,0.9275,no
hybrid_24,mixed_spacer_antifouling,0.90,0.25,10,1,0.30,0.8754,0.9646,0.9017,0.9861,0.0293,0.0189,0.9993,0.0353,0.8333,0.9300,no
hybrid_24,mixed_spacer_antifouling,0.90,0.25,5,2,0.30,0.8753,0.9644,0.9017,0.9861,0.0293,0.0189,0.9993,0.0353,0.8333,0.9400,no
hybrid_24,mixed_spacer_antifouling,0.90,0.50,5,1,0.30,0.8753,0.9644,0.9016,0.9860,0.0287,0.0187,0.9992,0.0512,0.8333,0.9375,no
hybrid_24,mixed_spacer_antifouling,0.90,0.75,5,1,0.30,0.8749,0.9639,0.9011,0.9855,0.0276,0.0179,0.9987,0.0939,0.8333,0.9475,no
hybrid_24,mixed_spacer_antifouling,0.90,0.25,5,3,0.30,0.8748,0.9639,0.9013,0.9856,0.0286,0.0187,0.9989,0.0525,0.8333,0.9525,no
hybrid_24,mixed_spacer_antifouling,0.90,0.25,20,1,0.30,0.8747,0.9638,0.9009,0.9854,0.0282,0.0184,0.9986,0.0693,0.8333,0.9350,no
hybrid_24,mixed_spacer_antifouling,0.90,0.25,10,2,0.30,0.8746,0.9636,0.9009,0.9854,0.0282,0.0184,0.9986,0.0693,0.8333,0.9450,no
hybrid_24,mixed_spacer_antifouling,0.90,0.50,10,1,0.30,0.8746,0.9640,0.9007,0.9852,0.0273,0.0177,0.9984,0.0999,0.8333,0.9400,no
hybrid_24,mixed_spacer_antifouling,0.90,1.00,5,1,0.30,0.8745,0.9642,0.9005,0.9849,0.0255,0.0164,0.9982,0.1428,0.8333,0.9575,no
hybrid_24,mixed_spacer_antifouling,0.90,0.25,5,4,0.30,0.8743,0.9633,0.9009,0.9854,0.0282,0.0184,0.9986,0.0693,0.8333,0.9650,no
hybrid_24,mixed_spacer_antifouling,0.90,0.50,5,2,0.30,0.8743,0.9637,0.9007,0.9852,0.0273,0.0177,0.9984,0.0999,0.8333,0.9500,no
hybrid_24,mixed_spacer_antifouling,0.90,1.25,5,1,0.30,0.8741,0.9646,0.9000,0.9840,0.0234,0.0153,0.9977,0.1956,0.8333,0.9675,no
hybrid_24,mixed_spacer_antifouling,0.90,0.25,30,1,0.30,0.8740,0.9639,0.9001,0.9842,0.0272,0.0177,0.9979,0.1022,0.8333,0.9400,no
hybrid_24,mixed_spacer_antifouling,0.90,0.75,10,1,0.30,0.8738,0.9645,0.8997,0.9835,0.0240,0.0156,0.9975,0.1790,0.8333,0.9500,no
hybrid_24,mixed_spacer_antifouling,0.90,0.25,10,3,0.30,0.8737,0.9636,0.9001,0.9842,0.0272,0.0177,0.9979,0.1022,0.8333,0.9600,no
hybrid_24,mixed_spacer_antifouling,0.90,1.50,5,1,0.30,0.8737,0.9644,0.8994,0.9829,0.0212,0.0141,0.9972,0.2508,0.8333,0.9775,no
hybrid_24,mixed_spacer_antifouling,0.90,2.00,5,1,0.30,0.8735,0.9632,0.8982,0.9811,0.0198,0.0103,0.9961,0.3630,0.8333,0.9975,no
hybrid_24,mixed_spacer_antifouling,0.90,0.75,5,2,0.30,0.8734,0.9640,0.8997,0.9835,0.0240,0.0156,0.9975,0.1790,0.8333,0.9600,no
hybrid_24,mixed_spacer_antifouling,0.90,0.50,5,3,0.30,0.8733,0.9636,0.8999,0.9838,0.0254,0.0163,0.9976,0.1460,0.8333,0.9625,no
hybrid_24,polyT30_PEG_passivated,0.90,0.25,5,1,0.30,0.8443,0.9397,0.8720,0.9680,0.0412,0.0298,0.9996,0.0178,0.6667,0.9275,no
hybrid_24,polyT30_PEG_passivated,0.90,0.50,5,1,0.30,0.8440,0.9394,0.8710,0.9677,0.0396,0.0289,0.9992,0.0512,0.6667,0.9375,no
hybrid_24,polyT30_PEG_passivated,0.90,0.25,10,1,0.30,0.8439,0.9394,0.8712,0.9677,0.0403,0.0293,0.9993,0.0353,0.6667,0.9300,no
hybrid_24,polyT30_PEG_passivated,0.90,0.75,5,1,0.30,0.8438,0.9395,0.8698,0.9673,0.0369,0.0273,0.9987,0.0939,0.6667,0.9475,no
hybrid_24,polyT30_PEG_passivated,0.90,0.25,5,2,0.30,0.8437,0.9393,0.8712,0.9677,0.0403,0.0293,0.9993,0.0353,0.6667,0.9400,no
hybrid_24,polyT30_PEG_passivated,0.90,1.00,5,1,0.30,0.8437,0.9397,0.8686,0.9670,0.0340,0.0256,0.9982,0.1428,0.6667,0.9575,no
hybrid_24,polyT30_PEG_passivated,0.90,1.25,5,1,0.30,0.8435,0.9397,0.8674,0.9666,0.0328,0.0236,0.9977,0.1956,0.6667,0.9675,no
hybrid_24,polyT30_PEG_passivated,0.90,0.50,10,1,0.30,0.8433,0.9395,0.8691,0.9671,0.0365,0.0270,0.9984,0.0999,0.6667,0.9400,no
hybrid_24,polyT30_PEG_passivated,0.90,0.25,5,3,0.30,0.8432,0.9391,0.8703,0.9675,0.0396,0.0289,0.9989,0.0525,0.6667,0.9525,no
hybrid_24,polyT30_PEG_passivated,0.90,1.50,5,1,0.30,0.8432,0.9395,0.8661,0.9659,0.0301,0.0221,0.9972,0.2508,0.6667,0.9775,no
hybrid_24,polyT30_PEG_passivated,0.90,0.25,20,1,0.30,0.8430,0.9393,0.8694,0.9672,0.0385,0.0283,0.9986,0.0693,0.6667,0.9350,no
hybrid_24,polyT30_PEG_passivated,0.90,0.50,5,2,0.30,0.8430,0.9392,0.8691,0.9671,0.0365,0.0270,0.9984,0.0999,0.6667,0.9500,no
hybrid_24,polyT30_PEG_passivated,0.90,0.25,10,2,0.30,0.8429,0.9392,0.8694,0.9672,0.0385,0.0283,0.9986,0.0693,0.6667,0.9450,no
hybrid_24,polyT30_PEG_passivated,0.90,1.75,5,1,0.30,0.8428,0.9392,0.8647,0.9650,0.0281,0.0196,0.9967,0.3070,0.6667,0.9875,no
hybrid_24,polyT30_PEG_passivated,0.90,0.75,10,1,0.30,0.8427,0.9395,0.8668,0.9664,0.0332,0.0245,0.9975,0.1790,0.6667,0.9500,no
hybrid_24,polyT30_PEG_passivated,0.90,0.25,5,4,0.30,0.8426,0.9389,0.8694,0.9672,0.0385,0.0283,0.9986,0.0693,0.6667,0.9650,no
hybrid_24,polyT30_PEG_passivated,0.90,0.75,5,2,0.30,0.8423,0.9390,0.8668,0.9664,0.0332,0.0245,0.9975,0.1790,0.6667,0.9600,no
hybrid_24,polyT30_PEG_passivated,0.90,2.00,5,1,0.30,0.8422,0.9390,0.8634,0.9638,0.0263,0.0172,0.9961,0.3630,0.6667,0.9975,no
hybrid_24,polyT30_PEG_passivated,0.90,0.25,30,1,0.30,0.8421,0.9393,0.8677,0.9667,0.0364,0.0269,0.9979,0.1022,0.6667,0.9400,no
hybrid_24,polyT30_PEG_passivated,0.90,0.50,5,3,0.30,0.8419,0.9388,0.8672,0.9665,0.0340,0.0255,0.9976,0.1460,0.6667,0.9625,no
hybrid_24,polyT30_standard,0.90,2.00,10,1,0.30,0.7128,0.9043,0.7337,0.9291,0.0337,0.0127,0.9922,0.5941,0.5278,1.0000,no
hybrid_24,polyT30_standard,0.90,1.25,20,1,0.30,0.7122,0.9032,0.7316,0.9281,0.0345,0.0133,0.9909,0.5812,0.5278,0.9750,no
hybrid_24,polyT30_standard,0.90,1.75,10,1,0.30,0.7120,0.9040,0.7355,0.9300,0.0378,0.0160,0.9933,0.5196,0.5278,0.9900,no
hybrid_24,polyT30_standard,0.90,2.00,5,2,0.30,0.7118,0.9031,0.7337,0.9291,0.0337,0.0127,0.9922,0.5941,0.5278,1.0100,no
hybrid_24,polyT30_standard,0.90,1.25,10,2,0.30,0.7116,0.9025,0.7316,0.9281,0.0345,0.0133,0.9909,0.5812,0.5000,0.9850,no
hybrid_24,polyT30_standard,0.90,1.50,20,1,0.30,0.7116,0.9029,0.7281,0.9264,0.0285,0.0101,0.9888,0.6848,0.5000,0.9850,no
hybrid_24,polyT30_standard,0.90,1.00,30,1,0.30,0.7114,0.9024,0.7292,0.9269,0.0332,0.0124,0.9895,0.6030,0.5000,0.9700,no
hybrid_24,polyT30_standard,0.90,1.75,5,3,0.30,0.7113,0.9015,0.7300,0.9273,0.0296,0.0106,0.9900,0.6670,0.5000,1.0125,no
hybrid_24,polyT30_standard,0.90,1.50,10,1,0.30,0.7112,0.9033,0.7361,0.9308,0.0419,0.0207,0.9944,0.4387,0.5278,0.9800,no
hybrid_24,polyT30_standard,0.90,1.75,5,2,0.30,0.7111,0.9029,0.7355,0.9300,0.0378,0.0160,0.9933,0.5196,0.5278,1.0000,no
hybrid_24,polyT30_standard,0.90,1.00,20,1,0.30,0.7110,0.9027,0.7350,0.9297,0.0409,0.0193,0.9930,0.4599,0.5278,0.9650,no
hybrid_24,polyT30_standard,0.90,1.50,5,3,0.30,0.7109,0.9019,0.7327,0.9286,0.0346,0.0134,0.9916,0.5794,0.5000,1.0025,no
hybrid_24,polyT30_standard,0.90,1.50,10,2,0.30,0.7108,0.9020,0.7281,0.9264,0.0285,0.0101,0.9888,0.6848,0.5000,0.9950,no
hybrid_24,polyT30_standard,0.90,0.75,20,2,0.30,0.7107,0.9014,0.7299,0.9273,0.0364,0.0148,0.9899,0.5456,0.5000,0.9750,no
hybrid_24,polyT30_standard,0.90,0.75,30,1,0.30,0.7106,0.9020,0.7341,0.9293,0.0415,0.0202,0.9924,0.4466,0.5278,0.9600,no
hybrid_24,polyT30_standard,0.90,1.00,10,2,0.30,0.7105,0.9021,0.7350,0.9297,0.0409,0.0193,0.9930,0.4599,0.5278,0.9750,no
hybrid_24,polyT30_standard,0.90,2.00,5,1,0.30,0.7105,0.9026,0.7371,0.9317,0.0457,0.0244,0.9961,0.3630,0.5278,0.9975,no
hybrid_24,polyT30_standard,0.90,1.00,10,3,0.30,0.7104,0.9012,0.7292,0.9269,0.0332,0.0124,0.9895,0.6030,0.5000,0.9900,no
hybrid_24,polyT30_standard,0.90,1.25,5,4,0.30,0.7104,0.9010,0.7316,0.9281,0.0345,0.0133,0.9909,0.5812,0.5000,1.0050,no
hybrid_24,polyT30_standard,0.90,1.50,5,2,0.30,0.7104,0.9024,0.7361,0.9308,0.0419,0.0207,0.9944,0.4387,0.5278,0.9900,no
hybrid_24,rigid_spacer_PEG,0.90,2.00,5,1,0.30,0.9250,0.9544,0.9484,0.9762,0.0236,0.0159,0.9961,0.3630,0.9444,0.9975,yes
hybrid_24,rigid_spacer_PEG,0.90,1.75,5,1,0.30,0.9249,0.9547,0.9493,0.9771,0.0258,0.0180,0.9967,0.3070,0.9444,0.9875,yes
hybrid_24,rigid_spacer_PEG,0.90,1.50,5,1,0.30,0.9248,0.9549,0.9502,0.9781,0.0268,0.0191,0.9972,0.2508,0.9444,0.9775,yes
hybrid_24,rigid_spacer_PEG,0.90,1.25,5,1,0.30,0.9247,0.9546,0.9511,0.9787,0.0279,0.0204,0.9977,0.1956,0.9444,0.9675,yes
hybrid_24,rigid_spacer_PEG,0.90,0.25,5,1,0.30,0.9246,0.9561,0.9543,0.9814,0.0336,0.0247,0.9996,0.0178,0.9444,0.9275,yes
hybrid_24,rigid_spacer_PEG,0.90,1.00,5,1,0.30,0.9246,0.9549,0.9520,0.9793,0.0304,0.0224,0.9982,0.1428,0.9444,0.9575,yes
hybrid_24,rigid_spacer_PEG,0.90,0.50,5,1,0.30,0.9245,0.9556,0.9536,0.9808,0.0325,0.0242,0.9992,0.0512,0.9444,0.9375,yes
hybrid_24,rigid_spacer_PEG,0.90,0.75,5,1,0.30,0.9245,0.9552,0.9528,0.9800,0.0312,0.0236,0.9987,0.0939,0.9444,0.9475,yes
hybrid_24,rigid_spacer_PEG,0.90,1.00,10,1,0.30,0.9245,0.9543,0.9490,0.9768,0.0265,0.0189,0.9965,0.2651,0.9444,0.9600,yes
hybrid_24,rigid_spacer_PEG,0.90,1.25,10,1,0.30,0.9245,0.9544,0.9473,0.9751,0.0241,0.0163,0.9955,0.3529,0.9444,0.9700,yes
hybrid_24,rigid_spacer_PEG,0.90,0.25,10,1,0.30,0.9244,0.9557,0.9537,0.9809,0.0330,0.0244,0.9993,0.0353,0.9444,0.9300,yes
hybrid_24,rigid_spacer_PEG,0.90,0.75,10,1,0.30,0.9244,0.9545,0.9507,0.9784,0.0288,0.0211,0.9975,0.1790,0.9444,0.9500,yes
hybrid_24,rigid_spacer_PEG,0.90,1.50,10,1,0.30,0.9244,0.9544,0.9456,0.9736,0.0215,0.0137,0.9944,0.4387,0.9444,0.9800,yes
hybrid_24,rigid_spacer_PEG,0.90,0.25,5,2,0.30,0.9243,0.9555,0.9537,0.9809,0.0330,0.0244,0.9993,0.0353,0.9444,0.9400,yes
hybrid_24,rigid_spacer_PEG,0.90,0.50,10,1,0.30,0.9243,0.9550,0.9523,0.9795,0.0311,0.0236,0.9984,0.0999,0.9444,0.9400,yes
hybrid_24,rigid_spacer_PEG,0.90,0.25,20,1,0.30,0.9242,0.9551,0.9525,0.9797,0.0319,0.0240,0.9986,0.0693,0.9444,0.9350,yes
hybrid_24,rigid_spacer_PEG,0.90,1.75,10,1,0.30,0.9242,0.9544,0.9437,0.9718,0.0199,0.0118,0.9933,0.5196,0.9444,0.9900,yes
hybrid_24,rigid_spacer_PEG,0.90,0.25,5,3,0.30,0.9240,0.9550,0.9531,0.9803,0.0324,0.0242,0.9989,0.0525,0.9444,0.9525,yes
hybrid_24,rigid_spacer_PEG,0.90,0.25,10,2,0.30,0.9240,0.9549,0.9525,0.9797,0.0319,0.0240,0.9986,0.0693,0.9444,0.9450,yes
hybrid_24,rigid_spacer_PEG,0.90,0.50,5,2,0.30,0.9240,0.9547,0.9523,0.9795,0.0311,0.0236,0.9984,0.0999,0.9444,0.9500,yes
hybrid_24,rigid_spacer_PEG,0.60,1.75,20,1,0.30,0.9006,0.9387,0.9327,0.9599,0.0523,0.0204,0.9867,0.7691,0.8889,0.7250,yes
hybrid_24,rigid_spacer_PEG,0.60,2.00,20,1,0.30,0.9013,0.9394,0.9276,0.9563,0.0433,0.0146,0.9845,0.8351,0.8889,0.7350,yes
hybrid_24,rigid_spacer_PEG,0.60,2.00,10,2,0.30,0.9000,0.9381,0.9276,0.9563,0.0433,0.0146,0.9845,0.8351,0.8889,0.7450,yes
hybrid_24,rigid_spacer_PEG,0.70,0.50,30,1,0.30,0.9010,0.9355,0.9470,0.9748,0.0793,0.0562,0.9952,0.2707,0.8889,0.7700,yes
hybrid_24,rigid_spacer_PEG,0.70,0.75,20,1,0.30,0.9027,0.9367,0.9465,0.9744,0.0759,0.0522,0.9950,0.3259,0.8889,0.7750,yes
hybrid_24,rigid_spacer_PEG,0.70,0.50,45,1,0.30,0.9013,0.9366,0.9430,0.9708,0.0690,0.0464,0.9929,0.3771,0.8889,0.7775,yes
hybrid_24,rigid_spacer_PEG,0.70,0.75,30,1,0.30,0.9034,0.9380,0.9423,0.9700,0.0641,0.0404,0.9924,0.4466,0.8889,0.7800,yes
hybrid_24,rigid_spacer_PEG,0.70,1.00,10,1,0.30,0.9026,0.9361,0.9490,0.9768,0.0796,0.0566,0.9965,0.2651,0.8889,0.7800,yes
hybrid_24,rigid_spacer_PEG,0.70,0.50,20,2,0.30,0.9010,0.9359,0.9443,0.9726,0.0735,0.0501,0.9937,0.3435,0.8889,0.7850,yes
hybrid_24,rigid_spacer_PEG,0.70,0.50,60,1,0.30,0.9011,0.9366,0.9391,0.9673,0.0627,0.0386,0.9905,0.4680,0.8889,0.7850,yes
hybrid_24,rigid_spacer_PEG,0.70,0.75,10,2,0.30,0.9022,0.9362,0.9465,0.9744,0.0759,0.0522,0.9950,0.3259,0.8889,0.7850,yes
hybrid_24,rigid_spacer_PEG,0.70,1.00,20,1,0.30,0.9048,0.9388,0.9432,0.9710,0.0632,0.0393,0.9930,0.4599,0.8889,0.7850,yes
hybrid_24,rigid_spacer_PEG,0.70,0.75,45,1,0.30,0.9030,0.9393,0.9360,0.9643,0.0542,0.0301,0.9887,0.5882,0.9167,0.7875,yes
hybrid_24,rigid_spacer_PEG,0.70,1.25,5,1,0.30,0.9005,0.9344,0.9511,0.9787,0.0836,0.0613,0.9977,0.1956,0.8889,0.7875,yes
hybrid_24,rigid_spacer_PEG,0.70,0.50,10,3,0.30,0.9003,0.9349,0.9470,0.9748,0.0793,0.0562,0.9952,0.2707,0.8889,0.7900,yes
hybrid_24,rigid_spacer_PEG,0.70,1.00,5,2,0.30,0.9020,0.9355,0.9490,0.9768,0.0796,0.0566,0.9965,0.2651,0.8889,0.7900,yes
hybrid_24,rigid_spacer_PEG,0.70,1.00,30,1,0.30,0.9050,0.9402,0.9374,0.9656,0.0528,0.0285,0.9895,0.6030,0.9167,0.7900,yes
hybrid_24,rigid_spacer_PEG,0.70,1.25,10,1,0.30,0.9044,0.9376,0.9473,0.9751,0.0722,0.0489,0.9955,0.3529,0.8889,0.7900,yes
hybrid_24,rigid_spacer_PEG,0.70,0.75,5,3,0.30,0.9010,0.9348,0.9486,0.9764,0.0801,0.0571,0.9962,0.2561,0.8889,0.7925,yes
hybrid_24,rigid_spacer_PEG,0.70,0.50,30,2,0.30,0.9007,0.9363,0.9391,0.9673,0.0627,0.0386,0.9905,0.4680,0.8889,0.7950,yes
rescue_24,mixed_spacer_antifouling,0.90,0.25,5,1,0.30,0.8715,0.9644,0.8941,0.9865,0.0328,0.0166,0.9996,0.0178,0.8333,0.9275,no
rescue_24,mixed_spacer_antifouling,0.90,0.25,10,1,0.30,0.8711,0.9641,0.8935,0.9862,0.0319,0.0163,0.9993,0.0353,0.8333,0.9300,no
rescue_24,mixed_spacer_antifouling,0.90,0.25,5,2,0.30,0.8710,0.9639,0.8935,0.9862,0.0319,0.0163,0.9993,0.0353,0.8333,0.9400,no
rescue_24,mixed_spacer_antifouling,0.90,0.50,5,1,0.30,0.8710,0.9639,0.8933,0.9861,0.0310,0.0160,0.9992,0.0512,0.8333,0.9375,no
rescue_24,mixed_spacer_antifouling,0.90,0.25,5,3,0.30,0.8705,0.9633,0.8928,0.9857,0.0309,0.0160,0.9989,0.0525,0.8333,0.9525,no
rescue_24,mixed_spacer_antifouling,0.90,0.75,5,1,0.30,0.8705,0.9633,0.8925,0.9854,0.0282,0.0155,0.9987,0.0939,0.8333,0.9475,no
rescue_24,mixed_spacer_antifouling,0.90,0.25,20,1,0.30,0.8704,0.9632,0.8922,0.9851,0.0298,0.0157,0.9986,0.0693,0.8333,0.9350,no
rescue_24,mixed_spacer_antifouling,0.90,0.25,10,2,0.30,0.8702,0.9630,0.8922,0.9851,0.0298,0.0157,0.9986,0.0693,0.8333,0.9450,no
rescue_24,mixed_spacer_antifouling,0.90,0.50,10,1,0.30,0.8702,0.9630,0.8920,0.9849,0.0278,0.0154,0.9984,0.0999,0.8333,0.9400,no
rescue_24,mixed_spacer_antifouling,0.90,1.00,5,1,0.30,0.8700,0.9627,0.8917,0.9847,0.0256,0.0150,0.9982,0.1428,0.8333,0.9575,no
rescue_24,mixed_spacer_antifouling,0.90,0.25,5,4,0.30,0.8699,0.9627,0.8922,0.9851,0.0298,0.0157,0.9986,0.0693,0.8333,0.9650,no
rescue_24,mixed_spacer_antifouling,0.90,0.50,5,2,0.30,0.8699,0.9627,0.8920,0.9849,0.0278,0.0154,0.9984,0.0999,0.8333,0.9500,no
rescue_24,mixed_spacer_antifouling,0.90,0.25,30,1,0.30,0.8696,0.9623,0.8910,0.9841,0.0276,0.0154,0.9979,0.1022,0.8333,0.9400,no
rescue_24,mixed_spacer_antifouling,0.90,1.25,5,1,0.30,0.8695,0.9621,0.8908,0.9839,0.0243,0.0145,0.9977,0.1956,0.8333,0.9675,no
rescue_24,mixed_spacer_antifouling,0.90,0.25,10,3,0.30,0.8693,0.9619,0.8910,0.9841,0.0276,0.0154,0.9979,0.1022,0.8333,0.9600,no
rescue_24,mixed_spacer_antifouling,0.90,0.75,10,1,0.30,0.8693,0.9619,0.8903,0.9835,0.0247,0.0146,0.9975,0.1790,0.8333,0.9500,no
rescue_24,mixed_spacer_antifouling,0.90,1.50,5,1,0.30,0.8690,0.9615,0.8899,0.9831,0.0235,0.0140,0.9972,0.2508,0.8333,0.9775,no
rescue_24,mixed_spacer_antifouling,0.90,0.50,5,3,0.30,0.8688,0.9614,0.8906,0.9838,0.0255,0.0150,0.9976,0.1460,0.8333,0.9625,no
rescue_24,mixed_spacer_antifouling,0.90,0.75,5,2,0.30,0.8688,0.9614,0.8903,0.9835,0.0247,0.0146,0.9975,0.1790,0.8333,0.9600,no
rescue_24,mixed_spacer_antifouling,0.90,0.25,20,2,0.30,0.8686,0.9612,0.8898,0.9831,0.0260,0.0151,0.9971,0.1339,0.8333,0.9550,no
rescue_24,polyT30_PEG_passivated,0.90,0.25,5,1,0.30,0.6295,0.9386,0.6495,0.9646,0.0395,0.0301,0.9996,0.0178,0.6111,0.9275,no
rescue_24,polyT30_PEG_passivated,0.90,0.25,10,1,0.30,0.6292,0.9387,0.6491,0.9641,0.0387,0.0298,0.9993,0.0353,0.6111,0.9300,no
rescue_24,polyT30_PEG_passivated,0.90,0.50,5,1,0.30,0.6291,0.9388,0.6490,0.9640,0.0380,0.0291,0.9992,0.0512,0.6111,0.9375,no
rescue_24,polyT30_PEG_passivated,0.90,0.25,5,2,0.30,0.6290,0.9386,0.6491,0.9641,0.0387,0.0298,0.9993,0.0353,0.6111,0.9400,no
rescue_24,polyT30_PEG_passivated,0.90,0.75,5,1,0.30,0.6287,0.9391,0.6486,0.9635,0.0363,0.0274,0.9987,0.0939,0.6111,0.9475,no
rescue_24,polyT30_PEG_passivated,0.90,0.25,5,3,0.30,0.6286,0.9385,0.6488,0.9637,0.0380,0.0290,0.9989,0.0525,0.6111,0.9525,no
rescue_24,polyT30_PEG_passivated,0.90,0.25,20,1,0.30,0.6284,0.9389,0.6485,0.9634,0.0373,0.0284,0.9986,0.0693,0.6111,0.9350,no
rescue_24,polyT30_PEG_passivated,0.90,0.50,10,1,0.30,0.6284,0.9390,0.6483,0.9633,0.0361,0.0271,0.9984,0.0999,0.6111,0.9400,no
rescue_24,polyT30_PEG_passivated,0.90,1.00,5,1,0.30,0.6284,0.9392,0.6482,0.9633,0.0347,0.0254,0.9982,0.1428,0.6111,0.9575,no
rescue_24,polyT30_PEG_passivated,0.90,0.25,10,2,0.30,0.6283,0.9387,0.6485,0.9634,0.0373,0.0284,0.9986,0.0693,0.6111,0.9450,no
rescue_24,polyT30_PEG_passivated,0.90,0.50,5,2,0.30,0.6282,0.9387,0.6483,0.9633,0.0361,0.0271,0.9984,0.0999,0.6111,0.9500,no
rescue_24,polyT30_PEG_passivated,0.90,0.25,5,4,0.30,0.6281,0.9384,0.6485,0.9634,0.0373,0.0284,0.9986,0.0693,0.6111,0.9650,no
rescue_24,polyT30_PEG_passivated,0.90,1.25,5,1,0.30,0.6281,0.9392,0.6477,0.9630,0.0324,0.0229,0.9977,0.1956,0.6111,0.9675,no
rescue_24,polyT30_PEG_passivated,0.90,0.25,30,1,0.30,0.6277,0.9385,0.6478,0.9631,0.0360,0.0270,0.9979,0.1022,0.6111,0.9400,no
rescue_24,polyT30_PEG_passivated,0.90,0.75,10,1,0.30,0.6277,0.9390,0.6475,0.9629,0.0335,0.0237,0.9975,0.1790,0.6111,0.9500,no
rescue_24,polyT30_PEG_passivated,0.90,1.50,5,1,0.30,0.6277,0.9393,0.6473,0.9627,0.0299,0.0205,0.9972,0.2508,0.6111,0.9775,no
rescue_24,polyT30_PEG_passivated,0.90,0.25,10,3,0.30,0.6275,0.9382,0.6478,0.9631,0.0360,0.0270,0.9979,0.1022,0.6111,0.9600,no
rescue_24,polyT30_PEG_passivated,0.90,0.75,5,2,0.30,0.6274,0.9385,0.6475,0.9629,0.0335,0.0237,0.9975,0.1790,0.6111,0.9600,no
rescue_24,polyT30_PEG_passivated,0.90,1.75,5,1,0.30,0.6274,0.9394,0.6468,0.9624,0.0281,0.0187,0.9967,0.3070,0.6111,0.9875,no
rescue_24,polyT30_PEG_passivated,0.90,0.50,5,3,0.30,0.6273,0.9381,0.6476,0.9629,0.0346,0.0253,0.9976,0.1460,0.6111,0.9625,no
rescue_24,polyT30_standard,0.90,1.50,10,1,0.30,0.8571,0.9164,0.8881,0.9374,0.0421,0.0219,0.9944,0.4387,0.6111,0.9800,no
rescue_24,polyT30_standard,0.90,1.75,10,1,0.30,0.8571,0.9177,0.8861,0.9364,0.0382,0.0172,0.9933,0.5196,0.6111,0.9900,no
rescue_24,polyT30_standard,0.90,2.00,10,1,0.30,0.8568,0.9178,0.8841,0.9355,0.0340,0.0154,0.9922,0.5941,0.6111,1.0000,no
rescue_24,polyT30_standard,0.90,2.00,5,1,0.30,0.8565,0.9149,0.8912,0.9396,0.0456,0.0265,0.9961,0.3630,0.6111,0.9975,no
rescue_24,polyT30_standard,0.90,1.25,10,1,0.30,0.8562,0.9148,0.8900,0.9386,0.0461,0.0270,0.9955,0.3529,0.6111,0.9700,no
rescue_24,polyT30_standard,0.90,1.50,5,2,0.30,0.8562,0.9155,0.8881,0.9374,0.0421,0.0219,0.9944,0.4387,0.6111,0.9900,no
rescue_24,polyT30_standard,0.90,1.75,5,2,0.30,0.8561,0.9166,0.8861,0.9364,0.0382,0.0172,0.9933,0.5196,0.6111,1.0000,no
rescue_24,polyT30_standard,0.90,1.75,5,1,0.30,0.8558,0.9142,0.8922,0.9405,0.0483,0.0293,0.9967,0.3070,0.6111,0.9875,no
rescue_24,polyT30_standard,0.90,2.00,5,2,0.30,0.8557,0.9165,0.8841,0.9355,0.0340,0.0154,0.9922,0.5941,0.6111,1.0100,no
rescue_24,polyT30_standard,0.90,1.25,5,2,0.30,0.8555,0.9140,0.8900,0.9386,0.0461,0.0270,0.9955,0.3529,0.6111,0.9800,no
rescue_24,polyT30_standard,0.90,1.00,20,1,0.30,0.8554,0.9165,0.8855,0.9362,0.0411,0.0206,0.9930,0.4599,0.6111,0.9650,no
rescue_24,polyT30_standard,0.90,1.00,10,1,0.30,0.8552,0.9131,0.8919,0.9402,0.0501,0.0320,0.9965,0.2651,0.6111,0.9600,no
rescue_24,polyT30_standard,0.90,1.50,5,1,0.30,0.8552,0.9137,0.8932,0.9414,0.0507,0.0329,0.9972,0.2508,0.6111,0.9775,no
rescue_24,polyT30_standard,0.90,0.75,20,1,0.30,0.8551,0.9140,0.8891,0.9379,0.0474,0.0283,0.9950,0.3259,0.6111,0.9550,no
rescue_24,polyT30_standard,0.90,1.00,5,3,0.30,0.8548,0.9138,0.8887,0.9377,0.0452,0.0261,0.9947,0.3700,0.6111,0.9825,no
rescue_24,polyT30_standard,0.90,1.00,10,2,0.30,0.8548,0.9159,0.8855,0.9362,0.0411,0.0206,0.9930,0.4599,0.6111,0.9750,no
rescue_24,polyT30_standard,0.90,0.75,10,2,0.30,0.8547,0.9136,0.8891,0.9379,0.0474,0.0283,0.9950,0.3259,0.6111,0.9650,no
rescue_24,polyT30_standard,0.90,1.25,5,3,0.30,0.8547,0.9154,0.8859,0.9363,0.0402,0.0195,0.9932,0.4795,0.6111,0.9925,no
rescue_24,polyT30_standard,0.90,1.25,20,1,0.30,0.8547,0.9165,0.8818,0.9342,0.0348,0.0156,0.9909,0.5812,0.6111,0.9750,no
rescue_24,polyT30_standard,0.90,1.00,5,2,0.30,0.8546,0.9125,0.8919,0.9402,0.0501,0.0320,0.9965,0.2651,0.6111,0.9700,no
rescue_24,rigid_spacer_PEG,0.90,1.75,20,1,0.30,0.8684,0.9431,0.8879,0.9576,0.0147,0.0056,0.9867,0.7691,0.8333,0.9950,no
rescue_24,rigid_spacer_PEG,0.90,1.50,20,1,0.30,0.8682,0.9449,0.8890,0.9617,0.0180,0.0076,0.9888,0.6848,0.8333,0.9850,no
rescue_24,rigid_spacer_PEG,0.90,2.00,20,1,0.30,0.8682,0.9400,0.8867,0.9544,0.0118,0.0039,0.9845,0.8351,0.8333,1.0050,no
rescue_24,rigid_spacer_PEG,0.90,2.00,10,1,0.30,0.8680,0.9493,0.8908,0.9667,0.0212,0.0099,0.9922,0.5941,0.8333,1.0000,no
rescue_24,rigid_spacer_PEG,0.90,1.25,30,1,0.30,0.8679,0.9428,0.8877,0.9573,0.0163,0.0066,0.9864,0.7289,0.8333,0.9800,no
rescue_24,rigid_spacer_PEG,0.90,1.50,30,1,0.30,0.8677,0.9378,0.8861,0.9526,0.0124,0.0042,0.9833,0.8229,0.8333,0.9900,no
rescue_24,rigid_spacer_PEG,0.90,1.25,20,1,0.30,0.8676,0.9482,0.8901,0.9653,0.0216,0.0104,0.9909,0.5812,0.8333,0.9750,no
rescue_24,rigid_spacer_PEG,0.90,1.00,30,1,0.30,0.8674,0.9464,0.8894,0.9630,0.0209,0.0096,0.9895,0.6030,0.8333,0.9700,no
rescue_24,rigid_spacer_PEG,0.90,1.00,45,1,0.30,0.8674,0.9396,0.8866,0.9540,0.0155,0.0061,0.9843,0.7498,0.8333,0.9775,no
rescue_24,rigid_spacer_PEG,0.90,1.75,10,2,0.30,0.8674,0.9420,0.8879,0.9576,0.0147,0.0056,0.9867,0.7691,0.8333,1.0050,no
rescue_24,rigid_spacer_PEG,0.90,1.50,10,2,0.30,0.8673,0.9439,0.8890,0.9617,0.0180,0.0076,0.9888,0.6848,0.8333,0.9950,no
rescue_24,rigid_spacer_PEG,0.90,1.75,10,1,0.30,0.8672,0.9498,0.8914,0.9690,0.0236,0.0125,0.9933,0.5196,0.8333,0.9900,no
rescue_24,rigid_spacer_PEG,0.90,0.75,60,1,0.30,0.8670,0.9408,0.8869,0.9552,0.0177,0.0074,0.9849,0.6936,0.8333,0.9750,no
rescue_24,rigid_spacer_PEG,0.90,1.00,20,2,0.30,0.8670,0.9416,0.8875,0.9568,0.0171,0.0071,0.9860,0.7082,0.8333,0.9850,no
rescue_24,rigid_spacer_PEG,0.90,1.75,30,1,0.30,0.8670,0.9326,0.8844,0.9483,0.0094,0.0026,0.9801,0.8890,0.8333,1.0000,no
rescue_24,rigid_spacer_PEG,0.90,2.00,10,2,0.30,0.8670,0.9388,0.8867,0.9544,0.0118,0.0039,0.9845,0.8351,0.8333,1.0150,no
rescue_24,rigid_spacer_PEG,0.90,0.75,45,1,0.30,0.8669,0.9444,0.8889,0.9613,0.0214,0.0101,0.9887,0.5882,0.8333,0.9675,no
rescue_24,rigid_spacer_PEG,0.90,1.25,10,2,0.30,0.8668,0.9474,0.8901,0.9653,0.0216,0.0104,0.9909,0.5812,0.8333,0.9850,no
rescue_24,rigid_spacer_PEG,0.90,2.00,5,2,0.30,0.8668,0.9480,0.8908,0.9667,0.0212,0.0099,0.9922,0.5941,0.8333,1.0100,no
rescue_24,rigid_spacer_PEG,0.90,1.25,45,1,0.30,0.8667,0.9320,0.8842,0.9478,0.0108,0.0033,0.9797,0.8588,0.8333,0.9875,no
sunflower_20,mixed_spacer_antifouling,0.90,0.25,5,1,0.30,0.8666,0.9677,0.8860,0.9891,0.0240,0.0172,0.9996,0.0178,0.8056,0.9275,no
sunflower_20,mixed_spacer_antifouling,0.90,0.25,10,1,0.30,0.8662,0.9672,0.8853,0.9884,0.0235,0.0169,0.9993,0.0353,0.8056,0.9300,no
sunflower_20,mixed_spacer_antifouling,0.90,0.25,5,2,0.30,0.8660,0.9670,0.8853,0.9884,0.0235,0.0169,0.9993,0.0353,0.8056,0.9400,no
sunflower_20,mixed_spacer_antifouling,0.90,0.50,5,1,0.30,0.8660,0.9670,0.8852,0.9883,0.0229,0.0164,0.9992,0.0512,0.8056,0.9375,no
sunflower_20,mixed_spacer_antifouling,0.90,0.75,5,1,0.30,0.8656,0.9662,0.8843,0.9874,0.0218,0.0153,0.9987,0.0939,0.8056,0.9475,no
sunflower_20,mixed_spacer_antifouling,0.90,0.25,5,3,0.30,0.8655,0.9662,0.8846,0.9878,0.0228,0.0164,0.9989,0.0525,0.8056,0.9525,no
sunflower_20,mixed_spacer_antifouling,0.90,0.25,20,1,0.30,0.8654,0.9659,0.8840,0.9870,0.0224,0.0159,0.9986,0.0693,0.8056,0.9350,no
sunflower_20,mixed_spacer_antifouling,0.90,0.25,10,2,0.30,0.8653,0.9657,0.8840,0.9870,0.0224,0.0159,0.9986,0.0693,0.8056,0.9450,no
sunflower_20,mixed_spacer_antifouling,0.90,0.50,10,1,0.30,0.8653,0.9657,0.8837,0.9866,0.0216,0.0152,0.9984,0.0999,0.8056,0.9400,no
sunflower_20,mixed_spacer_antifouling,0.90,1.00,5,1,0.30,0.8651,0.9654,0.8834,0.9862,0.0207,0.0143,0.9982,0.1428,0.8056,0.9575,no
sunflower_20,mixed_spacer_antifouling,0.90,0.25,5,4,0.30,0.8650,0.9654,0.8840,0.9870,0.0224,0.0159,0.9986,0.0693,0.8056,0.9650,no
sunflower_20,mixed_spacer_antifouling,0.90,0.50,5,2,0.30,0.8650,0.9654,0.8837,0.9866,0.0216,0.0152,0.9984,0.0999,0.8056,0.9500,no
sunflower_20,mixed_spacer_antifouling,0.90,0.25,30,1,0.30,0.8646,0.9646,0.8827,0.9853,0.0216,0.0151,0.9979,0.1022,0.8056,0.9400,no
sunflower_20,mixed_spacer_antifouling,0.90,1.25,5,1,0.30,0.8645,0.9646,0.8824,0.9850,0.0201,0.0130,0.9977,0.1956,0.8056,0.9675,no
sunflower_20,mixed_spacer_antifouling,0.90,0.25,10,3,0.30,0.8643,0.9643,0.8827,0.9853,0.0216,0.0151,0.9979,0.1022,0.8056,0.9600,no
sunflower_20,mixed_spacer_antifouling,0.90,0.75,10,1,0.30,0.8643,0.9642,0.8819,0.9843,0.0203,0.0135,0.9975,0.1790,0.8056,0.9500,no
sunflower_20,mixed_spacer_antifouling,0.90,1.50,5,1,0.30,0.8640,0.9637,0.8814,0.9838,0.0187,0.0118,0.9972,0.2508,0.8056,0.9775,no
sunflower_20,mixed_spacer_antifouling,0.90,0.50,5,3,0.30,0.8639,0.9637,0.8822,0.9847,0.0207,0.0142,0.9976,0.1460,0.8056,0.9625,no
sunflower_20,mixed_spacer_antifouling,0.90,0.75,5,2,0.30,0.8639,0.9637,0.8819,0.9843,0.0203,0.0135,0.9975,0.1790,0.8056,0.9600,no
sunflower_20,mixed_spacer_antifouling,0.90,0.25,20,2,0.30,0.8636,0.9633,0.8813,0.9837,0.0209,0.0145,0.9971,0.1339,0.8056,0.9550,no
sunflower_20,polyT30_PEG_passivated,0.90,2.00,5,1,0.30,0.8345,0.9333,0.8580,0.9589,0.0239,0.0180,0.9961,0.3630,0.6389,0.9975,no
sunflower_20,polyT30_PEG_passivated,0.90,1.75,5,1,0.30,0.8342,0.9328,0.8587,0.9592,0.0258,0.0197,0.9967,0.3070,0.6389,0.9875,no
sunflower_20,polyT30_PEG_passivated,0.90,1.25,10,1,0.30,0.8340,0.9331,0.8571,0.9585,0.0242,0.0184,0.9955,0.3529,0.6389,0.9700,no
sunflower_20,polyT30_PEG_passivated,0.90,1.00,10,1,0.30,0.8338,0.9325,0.8585,0.9591,0.0273,0.0206,0.9965,0.2651,0.6389,0.9600,no
sunflower_20,polyT30_PEG_passivated,0.90,1.50,5,1,0.30,0.8337,0.9324,0.8594,0.9595,0.0277,0.0210,0.9972,0.2508,0.6389,0.9775,no
sunflower_20,polyT30_PEG_passivated,0.90,0.50,30,1,0.30,0.8334,0.9320,0.8569,0.9583,0.0271,0.0205,0.9952,0.2707,0.6389,0.9500,no
sunflower_20,polyT30_PEG_passivated,0.90,0.75,20,1,0.30,0.8333,0.9326,0.8565,0.9580,0.0252,0.0193,0.9950,0.3259,0.6389,0.9550,no
sunflower_20,polyT30_PEG_passivated,0.90,1.25,5,1,0.30,0.8333,0.9320,0.8601,0.9598,0.0291,0.0220,0.9977,0.1956,0.6389,0.9675,no
sunflower_20,polyT30_PEG_passivated,0.90,0.75,10,1,0.30,0.8332,0.9318,0.8598,0.9597,0.0297,0.0222,0.9975,0.1790,0.6389,0.9500,no
sunflower_20,polyT30_PEG_passivated,0.90,1.00,5,2,0.30,0.8332,0.9318,0.8585,0.9591,0.0273,0.0206,0.9965,0.2651,0.6389,0.9700,no
sunflower_20,polyT30_PEG_passivated,0.90,1.25,5,2,0.30,0.8332,0.9323,0.8571,0.9585,0.0242,0.0184,0.9955,0.3529,0.6389,0.9800,no
sunflower_20,polyT30_PEG_passivated,0.90,0.50,20,1,0.30,0.8331,0.9317,0.8589,0.9593,0.0293,0.0221,0.9968,0.1898,0.6389,0.9450,no
sunflower_20,polyT30_PEG_passivated,0.90,1.50,10,1,0.30,0.8331,0.9337,0.8558,0.9575,0.0213,0.0155,0.9944,0.4387,0.6389,0.9800,no
sunflower_20,polyT30_PEG_passivated,0.90,0.75,10,2,0.30,0.8329,0.9322,0.8565,0.9580,0.0252,0.0193,0.9950,0.3259,0.6389,0.9650,no
sunflower_20,polyT30_PEG_passivated,0.90,1.00,5,1,0.30,0.8329,0.9316,0.8608,0.9601,0.0313,0.0233,0.9982,0.1428,0.6389,0.9575,no
sunflower_20,polyT30_PEG_passivated,0.90,0.50,10,2,0.30,0.8328,0.9314,0.8589,0.9593,0.0293,0.0221,0.9968,0.1898,0.6389,0.9550,no
sunflower_20,polyT30_PEG_passivated,0.90,0.50,10,3,0.30,0.8328,0.9314,0.8569,0.9583,0.0271,0.0205,0.9952,0.2707,0.6389,0.9700,no
sunflower_20,polyT30_PEG_passivated,0.90,0.75,5,3,0.30,0.8328,0.9313,0.8581,0.9590,0.0276,0.0208,0.9962,0.2561,0.6389,0.9725,no
sunflower_20,polyT30_PEG_passivated,0.90,0.75,5,2,0.30,0.8327,0.9313,0.8598,0.9597,0.0297,0.0222,0.9975,0.1790,0.6389,0.9600,no
sunflower_20,polyT30_PEG_passivated,0.90,0.25,60,1,0.30,0.8326,0.9312,0.8575,0.9587,0.0292,0.0220,0.9957,0.1939,0.6389,0.9550,no
sunflower_20,polyT30_standard,0.90,2.00,5,1,0.30,0.5827,0.9079,0.6004,0.9357,0.0428,0.0227,0.9961,0.3630,0.5556,0.9975,no
sunflower_20,polyT30_standard,0.90,1.50,10,1,0.30,0.5823,0.9079,0.5988,0.9327,0.0378,0.0186,0.9944,0.4387,0.5556,0.9800,no
sunflower_20,polyT30_standard,0.90,1.75,5,1,0.30,0.5823,0.9069,0.6009,0.9365,0.0469,0.0253,0.9967,0.3070,0.5556,0.9875,no
sunflower_20,polyT30_standard,0.90,1.75,10,1,0.30,0.5823,0.9070,0.5979,0.9310,0.0339,0.0162,0.9933,0.5196,0.5556,0.9900,no
sunflower_20,polyT30_standard,0.90,1.25,10,1,0.30,0.5820,0.9077,0.5998,0.9348,0.0435,0.0235,0.9955,0.3529,0.5556,0.9700,no
sunflower_20,polyT30_standard,0.90,2.00,10,1,0.30,0.5820,0.9048,0.5969,0.9292,0.0309,0.0139,0.9922,0.5941,0.5556,1.0000,no
sunflower_20,polyT30_standard,0.90,1.50,5,1,0.30,0.5817,0.9059,0.6014,0.9371,0.0510,0.0267,0.9972,0.2508,0.5556,0.9775,no
sunflower_20,polyT30_standard,0.90,1.50,5,2,0.30,0.5817,0.9070,0.5988,0.9327,0.0378,0.0186,0.9944,0.4387,0.5556,0.9900,no
sunflower_20,polyT30_standard,0.90,1.75,5,2,0.30,0.5816,0.9059,0.5979,0.9310,0.0339,0.0162,0.9933,0.5196,0.5556,1.0000,no
sunflower_20,polyT30_standard,0.90,1.25,5,2,0.30,0.5815,0.9069,0.5998,0.9348,0.0435,0.0235,0.9955,0.3529,0.5556,0.9800,no
sunflower_20,polyT30_standard,0.90,1.00,10,1,0.30,0.5814,0.9061,0.6007,0.9362,0.0500,0.0262,0.9965,0.2651,0.5556,0.9600,no
sunflower_20,polyT30_standard,0.90,2.00,5,2,0.30,0.5812,0.9036,0.5969,0.9292,0.0309,0.0139,0.9922,0.5941,0.5556,1.0100,no
sunflower_20,polyT30_standard,0.90,1.00,20,1,0.30,0.5811,0.9057,0.5976,0.9304,0.0365,0.0180,0.9930,0.4599,0.5556,0.9650,no
sunflower_20,polyT30_standard,0.90,1.25,5,1,0.30,0.5811,0.9048,0.6019,0.9374,0.0551,0.0306,0.9977,0.1956,0.5556,0.9675,no
sunflower_20,polyT30_standard,0.90,0.75,20,1,0.30,0.5810,0.9067,0.5993,0.9336,0.0455,0.0246,0.9950,0.3259,0.5556,0.9550,no
sunflower_20,polyT30_standard,0.90,1.00,5,2,0.30,0.5810,0.9055,0.6007,0.9362,0.0500,0.0262,0.9965,0.2651,0.5556,0.9700,no
sunflower_20,polyT30_standard,0.90,1.00,5,3,0.30,0.5808,0.9061,0.5991,0.9332,0.0422,0.0222,0.9947,0.3700,0.5556,0.9825,no
sunflower_20,polyT30_standard,0.90,0.75,10,2,0.30,0.5807,0.9062,0.5993,0.9336,0.0455,0.0246,0.9950,0.3259,0.5556,0.9650,no
sunflower_20,polyT30_standard,0.90,1.00,10,2,0.30,0.5807,0.9051,0.5976,0.9304,0.0365,0.0180,0.9930,0.4599,0.5556,0.9750,no
sunflower_20,polyT30_standard,0.90,1.25,5,3,0.30,0.5807,0.9049,0.5978,0.9308,0.0354,0.0174,0.9932,0.4795,0.5556,0.9925,no
sunflower_20,rigid_spacer_PEG,0.90,0.25,5,1,0.30,0.8430,0.9528,0.8714,0.9780,0.0395,0.0252,0.9996,0.0178,0.7222,0.9275,no
sunflower_20,rigid_spacer_PEG,0.90,0.50,5,1,0.30,0.8430,0.9531,0.8711,0.9774,0.0386,0.0239,0.9992,0.0512,0.7222,0.9375,no
sunflower_20,rigid_spacer_PEG,0.90,0.25,10,1,0.30,0.8429,0.9530,0.8711,0.9775,0.0391,0.0244,0.9993,0.0353,0.7222,0.9300,no
sunflower_20,rigid_spacer_PEG,0.90,0.75,5,1,0.30,0.8429,0.9536,0.8707,0.9766,0.0361,0.0223,0.9987,0.0939,0.7222,0.9475,no
sunflower_20,rigid_spacer_PEG,0.90,0.25,5,2,0.30,0.8427,0.9528,0.8711,0.9775,0.0391,0.0244,0.9993,0.0353,0.7222,0.9400,no
sunflower_20,rigid_spacer_PEG,0.90,0.50,10,1,0.30,0.8427,0.9537,0.8704,0.9760,0.0357,0.0221,0.9984,0.0999,0.7222,0.9400,no
sunflower_20,rigid_spacer_PEG,0.90,0.25,20,1,0.30,0.8425,0.9533,0.8705,0.9763,0.0376,0.0233,0.9986,0.0693,0.7222,0.9350,no
sunflower_20,rigid_spacer_PEG,0.90,0.25,5,3,0.30,0.8424,0.9529,0.8708,0.9769,0.0386,0.0238,0.9989,0.0525,0.7222,0.9525,no
sunflower_20,rigid_spacer_PEG,0.90,0.25,10,2,0.30,0.8424,0.9532,0.8705,0.9763,0.0376,0.0233,0.9986,0.0693,0.7222,0.9450,no
sunflower_20,rigid_spacer_PEG,0.90,0.50,5,2,0.30,0.8424,0.9534,0.8704,0.9760,0.0357,0.0221,0.9984,0.0999,0.7222,0.9500,no
sunflower_20,rigid_spacer_PEG,0.90,1.00,5,1,0.30,0.8424,0.9541,0.8703,0.9757,0.0335,0.0205,0.9982,0.1428,0.7222,0.9575,no
sunflower_20,rigid_spacer_PEG,0.90,0.25,5,4,0.30,0.8421,0.9529,0.8705,0.9763,0.0376,0.0233,0.9986,0.0693,0.7222,0.9650,no
sunflower_20,rigid_spacer_PEG,0.90,0.25,30,1,0.30,0.8420,0.9536,0.8700,0.9751,0.0356,0.0220,0.9979,0.1022,0.7222,0.9400,no
sunflower_20,rigid_spacer_PEG,0.90,1.25,5,1,0.30,0.8419,0.9546,0.8699,0.9748,0.0313,0.0191,0.9977,0.1956,0.7222,0.9675,no
sunflower_20,rigid_spacer_PEG,0.90,0.25,10,3,0.30,0.8417,0.9533,0.8700,0.9751,0.0356,0.0220,0.9979,0.1022,0.7222,0.9600,no
sunflower_20,rigid_spacer_PEG,0.90,0.75,10,1,0.30,0.8417,0.9545,0.8696,0.9744,0.0321,0.0195,0.9975,0.1790,0.7222,0.9500,no
sunflower_20,rigid_spacer_PEG,0.90,1.50,5,1,0.30,0.8413,0.9544,0.8694,0.9739,0.0290,0.0176,0.9972,0.2508,0.7222,0.9775,no
sunflower_20,rigid_spacer_PEG,0.90,0.50,5,3,0.30,0.8412,0.9535,0.8698,0.9747,0.0334,0.0204,0.9976,0.1460,0.7222,0.9625,no
sunflower_20,rigid_spacer_PEG,0.90,0.75,5,2,0.30,0.8412,0.9540,0.8696,0.9744,0.0321,0.0195,0.9975,0.1790,0.7222,0.9600,no
sunflower_20,rigid_spacer_PEG,0.90,0.25,20,2,0.30,0.8410,0.9533,0.8694,0.9739,0.0339,0.0207,0.9971,0.1339,0.7222,0.9550,no
sunflower_24,mixed_spacer_antifouling,0.90,0.25,5,1,0.30,0.8685,0.9672,0.8893,0.9865,0.0288,0.0182,0.9996,0.0178,0.8333,0.9275,no
sunflower_24,mixed_spacer_antifouling,0.90,0.25,10,1,0.30,0.8680,0.9667,0.8890,0.9863,0.0281,0.0180,0.9993,0.0353,0.8333,0.9300,no
sunflower_24,mixed_spacer_antifouling,0.90,0.25,5,2,0.30,0.8679,0.9665,0.8890,0.9863,0.0281,0.0180,0.9993,0.0353,0.8333,0.9400,no
sunflower_24,mixed_spacer_antifouling,0.90,0.50,5,1,0.30,0.8678,0.9665,0.8889,0.9862,0.0277,0.0178,0.9992,0.0512,0.8333,0.9375,no
sunflower_24,mixed_spacer_antifouling,0.90,0.25,5,3,0.30,0.8672,0.9659,0.8886,0.9860,0.0277,0.0177,0.9989,0.0525,0.8333,0.9525,no
sunflower_24,mixed_spacer_antifouling,0.90,0.75,5,1,0.30,0.8671,0.9659,0.8884,0.9859,0.0267,0.0166,0.9987,0.0939,0.8333,0.9475,no
sunflower_24,mixed_spacer_antifouling,0.90,0.25,20,1,0.30,0.8670,0.9659,0.8882,0.9856,0.0273,0.0173,0.9986,0.0693,0.8333,0.9350,no
sunflower_24,mixed_spacer_antifouling,0.90,0.25,10,2,0.30,0.8668,0.9657,0.8882,0.9856,0.0273,0.0173,0.9986,0.0693,0.8333,0.9450,no
sunflower_24,mixed_spacer_antifouling,0.90,0.50,10,1,0.30,0.8667,0.9659,0.8880,0.9853,0.0266,0.0165,0.9984,0.0999,0.8333,0.9400,no
sunflower_24,mixed_spacer_antifouling,0.90,0.25,5,4,0.30,0.8665,0.9654,0.8882,0.9856,0.0273,0.0173,0.9986,0.0693,0.8333,0.9650,no
sunflower_24,mixed_spacer_antifouling,0.90,0.50,5,2,0.30,0.8664,0.9656,0.8880,0.9853,0.0266,0.0165,0.9984,0.0999,0.8333,0.9500,no
sunflower_24,mixed_spacer_antifouling,0.90,1.00,5,1,0.30,0.8664,0.9658,0.8878,0.9850,0.0252,0.0154,0.9982,0.1428,0.8333,0.9575,no
sunflower_24,mixed_spacer_antifouling,0.90,0.25,30,1,0.30,0.8659,0.9657,0.8874,0.9843,0.0265,0.0164,0.9979,0.1022,0.8333,0.9400,no
sunflower_24,mixed_spacer_antifouling,0.90,0.25,10,3,0.30,0.8657,0.9654,0.8874,0.9843,0.0265,0.0164,0.9979,0.1022,0.8333,0.9600,no
sunflower_24,mixed_spacer_antifouling,0.90,1.25,5,1,0.30,0.8656,0.9657,0.8873,0.9841,0.0234,0.0143,0.9977,0.1956,0.8333,0.9675,no
sunflower_24,mixed_spacer_antifouling,0.90,0.75,10,1,0.30,0.8655,0.9657,0.8870,0.9837,0.0240,0.0145,0.9975,0.1790,0.8333,0.9500,no
sunflower_24,mixed_spacer_antifouling,0.90,1.50,5,1,0.30,0.8653,0.9656,0.8867,0.9831,0.0216,0.0135,0.9972,0.2508,0.8333,0.9775,no
sunflower_24,mixed_spacer_antifouling,0.90,0.25,20,2,0.30,0.8651,0.9653,0.8867,0.9830,0.0255,0.0156,0.9971,0.1339,0.8333,0.9550,no
sunflower_24,mixed_spacer_antifouling,0.90,0.50,20,1,0.30,0.8651,0.9655,0.8863,0.9824,0.0236,0.0144,0.9968,0.1898,0.8333,0.9450,no
sunflower_24,mixed_spacer_antifouling,0.90,0.75,5,2,0.30,0.8651,0.9652,0.8870,0.9837,0.0240,0.0145,0.9975,0.1790,0.8333,0.9600,no
sunflower_24,polyT30_PEG_passivated,0.90,0.25,5,1,0.30,0.8349,0.9442,0.8626,0.9725,0.0417,0.0293,0.9996,0.0178,0.7222,0.9275,no
sunflower_24,polyT30_PEG_passivated,0.90,1.50,5,1,0.30,0.8349,0.9432,0.8594,0.9687,0.0308,0.0198,0.9972,0.2508,0.7222,0.9775,no
sunflower_24,polyT30_PEG_passivated,0.90,1.75,5,1,0.30,0.8349,0.9431,0.8587,0.9678,0.0285,0.0175,0.9967,0.3070,0.7222,0.9875,no
sunflower_24,polyT30_PEG_passivated,0.90,2.00,5,1,0.30,0.8349,0.9424,0.8580,0.9672,0.0270,0.0154,0.9961,0.3630,0.7222,0.9975,no
sunflower_24,polyT30_PEG_passivated,0.90,0.25,10,1,0.30,0.8348,0.9440,0.8621,0.9719,0.0406,0.0289,0.9993,0.0353,0.7222,0.9300,no
sunflower_24,polyT30_PEG_passivated,0.90,0.50,5,1,0.30,0.8348,0.9440,0.8620,0.9718,0.0397,0.0285,0.9992,0.0512,0.7222,0.9375,no
sunflower_24,polyT30_PEG_passivated,0.90,0.75,5,1,0.30,0.8348,0.9437,0.8614,0.9710,0.0378,0.0270,0.9987,0.0939,0.7222,0.9475,no
sunflower_24,polyT30_PEG_passivated,0.90,1.00,5,1,0.30,0.8348,0.9436,0.8608,0.9703,0.0356,0.0256,0.9982,0.1428,0.7222,0.9575,no
sunflower_24,polyT30_PEG_passivated,0.90,1.25,5,1,0.30,0.8348,0.9434,0.8601,0.9695,0.0332,0.0232,0.9977,0.1956,0.7222,0.9675,no
sunflower_24,polyT30_PEG_passivated,0.90,0.25,5,2,0.30,0.8347,0.9438,0.8621,0.9719,0.0406,0.0289,0.9993,0.0353,0.7222,0.9400,no
sunflower_24,polyT30_PEG_passivated,0.90,0.50,10,1,0.30,0.8346,0.9436,0.8610,0.9706,0.0375,0.0268,0.9984,0.0999,0.7222,0.9400,no
sunflower_24,polyT30_PEG_passivated,0.90,0.25,20,1,0.30,0.8345,0.9435,0.8612,0.9708,0.0386,0.0280,0.9986,0.0693,0.7222,0.9350,no
sunflower_24,polyT30_PEG_passivated,0.90,0.75,10,1,0.30,0.8345,0.9431,0.8598,0.9691,0.0340,0.0244,0.9975,0.1790,0.7222,0.9500,no
sunflower_24,polyT30_PEG_passivated,0.90,1.00,10,1,0.30,0.8345,0.9428,0.8585,0.9676,0.0302,0.0192,0.9965,0.2651,0.7222,0.9600,no
sunflower_24,polyT30_PEG_passivated,0.90,1.25,10,1,0.30,0.8344,0.9414,0.8571,0.9664,0.0272,0.0157,0.9955,0.3529,0.7222,0.9700,no
sunflower_24,polyT30_PEG_passivated,0.90,0.25,5,3,0.30,0.8343,0.9434,0.8617,0.9713,0.0396,0.0285,0.9989,0.0525,0.7222,0.9525,no
sunflower_24,polyT30_PEG_passivated,0.90,0.25,10,2,0.30,0.8343,0.9433,0.8612,0.9708,0.0386,0.0280,0.9986,0.0693,0.7222,0.9450,no
sunflower_24,polyT30_PEG_passivated,0.90,0.50,5,2,0.30,0.8343,0.9432,0.8610,0.9706,0.0375,0.0268,0.9984,0.0999,0.7222,0.9500,no
sunflower_24,polyT30_PEG_passivated,0.90,1.50,10,1,0.30,0.8342,0.9404,0.8558,0.9651,0.0252,0.0132,0.9944,0.4387,0.7222,0.9800,no
sunflower_24,polyT30_PEG_passivated,0.90,0.25,30,1,0.30,0.8341,0.9430,0.8603,0.9697,0.0374,0.0267,0.9979,0.1022,0.7222,0.9400,no
sunflower_24,polyT30_standard,0.90,2.00,10,1,0.30,0.8119,0.8960,0.8372,0.9217,0.0354,0.0174,0.9922,0.5941,0.4722,1.0000,no
sunflower_24,polyT30_standard,0.90,1.75,10,1,0.30,0.8117,0.8971,0.8384,0.9226,0.0387,0.0205,0.9933,0.5196,0.5000,0.9900,no
sunflower_24,polyT30_standard,0.90,1.50,10,1,0.30,0.8110,0.8979,0.8396,0.9240,0.0421,0.0239,0.9944,0.4387,0.5000,0.9800,no
sunflower_24,polyT30_standard,0.90,2.00,5,2,0.30,0.8109,0.8948,0.8372,0.9217,0.0354,0.0174,0.9922,0.5941,0.4722,1.0100,no
sunflower_24,polyT30_standard,0.90,1.75,5,2,0.30,0.8108,0.8961,0.8384,0.9226,0.0387,0.0205,0.9933,0.5196,0.4722,1.0000,no
sunflower_24,polyT30_standard,0.90,2.00,5,1,0.30,0.8106,0.8990,0.8414,0.9270,0.0451,0.0270,0.9961,0.3630,0.5000,0.9975,no
sunflower_24,polyT30_standard,0.90,1.50,5,2,0.30,0.8102,0.8970,0.8396,0.9240,0.0421,0.0239,0.9944,0.4387,0.5000,0.9900,no
sunflower_24,polyT30_standard,0.90,1.25,20,1,0.30,0.8101,0.8933,0.8358,0.9208,0.0360,0.0180,0.9909,0.5812,0.4722,0.9750,no
sunflower_24,polyT30_standard,0.90,1.00,20,1,0.30,0.8098,0.8956,0.8380,0.9223,0.0412,0.0233,0.9930,0.4599,0.4722,0.9650,no
sunflower_24,polyT30_standard,0.90,1.25,10,1,0.30,0.8096,0.8979,0.8407,0.9253,0.0455,0.0274,0.9955,0.3529,0.5000,0.9700,no
sunflower_24,polyT30_standard,0.90,1.75,5,1,0.30,0.8096,0.8987,0.8420,0.9285,0.0472,0.0295,0.9967,0.3070,0.4722,0.9875,no
sunflower_24,polyT30_standard,0.90,1.25,10,2,0.30,0.8094,0.8925,0.8358,0.9208,0.0360,0.0180,0.9909,0.5812,0.4444,0.9850,no
sunflower_24,polyT30_standard,0.90,1.50,5,3,0.30,0.8093,0.8928,0.8365,0.9213,0.0360,0.0181,0.9916,0.5794,0.4444,1.0025,no
sunflower_24,polyT30_standard,0.90,1.00,10,2,0.30,0.8092,0.8950,0.8380,0.9223,0.0412,0.0233,0.9930,0.4599,0.4444,0.9750,no
sunflower_24,polyT30_standard,0.90,1.25,5,3,0.30,0.8092,0.8948,0.8382,0.9225,0.0404,0.0228,0.9932,0.4795,0.4167,0.9925,no
sunflower_24,polyT30_standard,0.90,1.50,5,1,0.30,0.8092,0.8983,0.8426,0.9300,0.0505,0.0321,0.9972,0.2508,0.4722,0.9775,no
sunflower_24,polyT30_standard,0.90,1.50,20,1,0.30,0.8091,0.8907,0.8335,0.9190,0.0303,0.0137,0.9888,0.6848,0.4722,0.9850,no
sunflower_24,polyT30_standard,0.90,1.25,5,2,0.30,0.8089,0.8972,0.8407,0.9253,0.0455,0.0274,0.9955,0.3529,0.4722,0.9800,no
sunflower_24,polyT30_standard,0.90,1.25,5,1,0.30,0.8088,0.8978,0.8432,0.9314,0.0545,0.0354,0.9977,0.1956,0.4444,0.9675,no
sunflower_24,polyT30_standard,0.90,0.75,30,1,0.30,0.8086,0.8942,0.8374,0.9218,0.0418,0.0237,0.9924,0.4466,0.4444,0.9600,no
sunflower_24,rigid_spacer_PEG,0.90,0.25,5,1,0.30,0.8549,0.9489,0.8808,0.9754,0.0432,0.0270,0.9996,0.0178,0.8056,0.9275,no
sunflower_24,rigid_spacer_PEG,0.90,0.50,5,1,0.30,0.8546,0.9490,0.8795,0.9749,0.0416,0.0265,0.9992,0.0512,0.8056,0.9375,no
sunflower_24,rigid_spacer_PEG,0.90,0.25,10,1,0.30,0.8545,0.9489,0.8797,0.9750,0.0425,0.0267,0.9993,0.0353,0.8056,0.9300,no
sunflower_24,rigid_spacer_PEG,0.90,0.75,5,1,0.30,0.8545,0.9499,0.8781,0.9742,0.0385,0.0258,0.9987,0.0939,0.8056,0.9475,no
sunflower_24,rigid_spacer_PEG,0.90,0.25,5,2,0.30,0.8544,0.9487,0.8797,0.9750,0.0425,0.0267,0.9993,0.0353,0.8056,0.9400,no
sunflower_24,rigid_spacer_PEG,0.90,1.00,5,1,0.30,0.8544,0.9502,0.8766,0.9738,0.0360,0.0240,0.9982,0.1428,0.8056,0.9575,no
sunflower_24,rigid_spacer_PEG,0.90,1.25,5,1,0.30,0.8543,0.9501,0.8751,0.9734,0.0337,0.0216,0.9977,0.1956,0.8056,0.9675,no
sunflower_24,rigid_spacer_PEG,0.90,0.50,10,1,0.30,0.8540,0.9500,0.8771,0.9739,0.0382,0.0257,0.9984,0.0999,0.8056,0.9400,no
sunflower_24,rigid_spacer_PEG,0.90,0.25,5,3,0.30,0.8539,0.9487,0.8786,0.9745,0.0415,0.0264,0.9989,0.0525,0.8056,0.9525,no
sunflower_24,rigid_spacer_PEG,0.90,1.50,5,1,0.30,0.8539,0.9500,0.8735,0.9730,0.0319,0.0194,0.9972,0.2508,0.8056,0.9775,no
sunflower_24,rigid_spacer_PEG,0.90,0.25,20,1,0.30,0.8538,0.9493,0.8776,0.9740,0.0403,0.0262,0.9986,0.0693,0.8056,0.9350,no
sunflower_24,rigid_spacer_PEG,0.90,0.50,5,2,0.30,0.8538,0.9497,0.8771,0.9739,0.0382,0.0257,0.9984,0.0999,0.8056,0.9500,no
sunflower_24,rigid_spacer_PEG,0.90,0.25,10,2,0.30,0.8537,0.9491,0.8776,0.9740,0.0403,0.0262,0.9986,0.0693,0.8056,0.9450,no
sunflower_24,rigid_spacer_PEG,0.90,0.75,10,1,0.30,0.8537,0.9497,0.8743,0.9732,0.0343,0.0224,0.9975,0.1790,0.8056,0.9500,no
sunflower_24,rigid_spacer_PEG,0.90,0.25,5,4,0.30,0.8534,0.9488,0.8776,0.9740,0.0403,0.0262,0.9986,0.0693,0.8056,0.9650,no
sunflower_24,rigid_spacer_PEG,0.90,1.75,5,1,0.30,0.8533,0.9492,0.8719,0.9724,0.0300,0.0176,0.9967,0.3070,0.8056,0.9875,no
sunflower_24,rigid_spacer_PEG,0.90,0.75,5,2,0.30,0.8532,0.9493,0.8743,0.9732,0.0343,0.0224,0.9975,0.1790,0.8056,0.9600,no
sunflower_24,rigid_spacer_PEG,0.90,0.25,30,1,0.30,0.8531,0.9494,0.8755,0.9735,0.0381,0.0257,0.9979,0.1022,0.8056,0.9400,no
sunflower_24,rigid_spacer_PEG,0.90,0.25,10,3,0.30,0.8528,0.9490,0.8755,0.9735,0.0381,0.0257,0.9979,0.1022,0.8056,0.9600,no
sunflower_24,rigid_spacer_PEG,0.90,0.50,5,3,0.30,0.8528,0.9489,0.8748,0.9733,0.0359,0.0238,0.9976,0.1460,0.8056,0.9625,no
triple_ring_24,mixed_spacer_antifouling,0.90,0.25,5,1,0.30,0.9313,0.9689,0.9626,0.9876,0.0268,0.0197,0.9996,0.0178,0.9167,0.9275,yes
triple_ring_24,mixed_spacer_antifouling,0.90,0.25,10,1,0.30,0.9311,0.9686,0.9623,0.9869,0.0263,0.0195,0.9993,0.0353,0.9167,0.9300,yes
triple_ring_24,mixed_spacer_antifouling,0.90,0.50,5,1,0.30,0.9311,0.9685,0.9622,0.9868,0.0258,0.0192,0.9992,0.0512,0.9167,0.9375,yes
triple_ring_24,mixed_spacer_antifouling,0.90,0.75,5,1,0.30,0.9311,0.9680,0.9618,0.9859,0.0244,0.0181,0.9987,0.0939,0.9167,0.9475,yes
triple_ring_24,mixed_spacer_antifouling,0.90,1.00,5,1,0.30,0.9310,0.9676,0.9613,0.9850,0.0233,0.0165,0.9982,0.1428,0.9167,0.9575,yes
triple_ring_24,mixed_spacer_antifouling,0.90,1.25,5,1,0.30,0.9310,0.9672,0.9604,0.9837,0.0217,0.0149,0.9977,0.1956,0.9167,0.9675,yes
triple_ring_24,mixed_spacer_antifouling,0.90,0.25,5,2,0.30,0.9309,0.9685,0.9623,0.9869,0.0263,0.0195,0.9993,0.0353,0.9167,0.9400,yes
triple_ring_24,mixed_spacer_antifouling,0.90,1.50,5,1,0.30,0.9309,0.9667,0.9594,0.9827,0.0206,0.0137,0.9972,0.2508,0.9167,0.9775,yes
triple_ring_24,mixed_spacer_antifouling,0.90,0.50,10,1,0.30,0.9308,0.9679,0.9615,0.9853,0.0243,0.0179,0.9984,0.0999,0.9167,0.9400,yes
triple_ring_24,mixed_spacer_antifouling,0.90,1.75,5,1,0.30,0.9307,0.9662,0.9583,0.9820,0.0197,0.0128,0.9967,0.3070,0.9167,0.9875,yes
triple_ring_24,mixed_spacer_antifouling,0.90,0.25,5,3,0.30,0.9305,0.9680,0.9619,0.9862,0.0257,0.0191,0.9989,0.0525,0.9167,0.9525,yes
triple_ring_24,mixed_spacer_antifouling,0.90,0.25,20,1,0.30,0.9305,0.9680,0.9616,0.9856,0.0250,0.0187,0.9986,0.0693,0.9167,0.9350,yes
triple_ring_24,mixed_spacer_antifouling,0.90,0.75,10,1,0.30,0.9305,0.9671,0.9599,0.9831,0.0221,0.0153,0.9975,0.1790,0.9167,0.9500,yes
triple_ring_24,mixed_spacer_antifouling,0.90,0.25,10,2,0.30,0.9304,0.9678,0.9616,0.9856,0.0250,0.0187,0.9986,0.0693,0.9167,0.9450,yes
triple_ring_24,mixed_spacer_antifouling,0.90,0.50,5,2,0.30,0.9304,0.9675,0.9615,0.9853,0.0243,0.0179,0.9984,0.0999,0.9167,0.9500,yes
triple_ring_24,mixed_spacer_antifouling,0.90,2.00,5,1,0.30,0.9304,0.9654,0.9572,0.9811,0.0187,0.0118,0.9961,0.3630,0.9167,0.9975,yes
triple_ring_24,mixed_spacer_antifouling,0.90,1.00,10,1,0.30,0.9301,0.9662,0.9579,0.9816,0.0203,0.0134,0.9965,0.2651,0.9167,0.9600,yes
triple_ring_24,mixed_spacer_antifouling,0.90,0.25,5,4,0.30,0.9300,0.9675,0.9616,0.9856,0.0250,0.0187,0.9986,0.0693,0.9167,0.9650,yes
triple_ring_24,mixed_spacer_antifouling,0.90,0.75,5,2,0.30,0.9300,0.9666,0.9599,0.9831,0.0221,0.0153,0.9975,0.1790,0.9167,0.9600,yes
triple_ring_24,mixed_spacer_antifouling,0.90,0.25,30,1,0.30,0.9299,0.9674,0.9607,0.9840,0.0242,0.0178,0.9979,0.1022,0.9167,0.9400,yes
triple_ring_24,mixed_spacer_antifouling,0.30,1.25,30,1,0.30,0.9005,0.9336,0.9357,0.9645,0.0784,0.0326,0.9864,0.7289,0.8889,0.4400,yes
triple_ring_24,mixed_spacer_antifouling,0.30,1.75,20,1,0.30,0.9036,0.9358,0.9365,0.9648,0.0708,0.0274,0.9867,0.7691,0.9167,0.4550,yes
triple_ring_24,mixed_spacer_antifouling,0.30,1.75,10,2,0.30,0.9025,0.9346,0.9365,0.9648,0.0708,0.0274,0.9867,0.7691,0.9167,0.4650,yes
triple_ring_24,mixed_spacer_antifouling,0.30,2.00,20,1,0.30,0.9024,0.9332,0.9290,0.9613,0.0571,0.0191,0.9845,0.8351,0.9167,0.4650,yes
triple_ring_24,mixed_spacer_antifouling,0.30,2.00,10,2,0.30,0.9011,0.9319,0.9290,0.9613,0.0571,0.0191,0.9845,0.8351,0.8889,0.4750,yes
triple_ring_24,mixed_spacer_antifouling,0.30,2.00,5,3,0.30,0.9010,0.9347,0.9415,0.9674,0.0761,0.0309,0.9883,0.7414,0.8889,0.4825,yes
triple_ring_24,mixed_spacer_antifouling,0.30,1.75,5,4,0.30,0.9004,0.9324,0.9365,0.9648,0.0708,0.0274,0.9867,0.7691,0.8889,0.4850,yes
triple_ring_24,mixed_spacer_antifouling,0.40,1.00,30,1,0.30,0.9004,0.9375,0.9440,0.9698,0.0848,0.0422,0.9895,0.6030,0.8889,0.5200,yes
triple_ring_24,mixed_spacer_antifouling,0.40,1.25,20,1,0.30,0.9001,0.9385,0.9468,0.9720,0.0870,0.0444,0.9909,0.5812,0.8889,0.5250,yes
triple_ring_24,mixed_spacer_antifouling,0.40,1.00,45,1,0.30,0.9009,0.9318,0.9283,0.9610,0.0638,0.0256,0.9843,0.7498,0.8889,0.5275,yes
triple_ring_24,mixed_spacer_antifouling,0.40,1.25,30,1,0.30,0.9037,0.9357,0.9357,0.9645,0.0672,0.0279,0.9864,0.7289,0.9167,0.5300,yes
triple_ring_24,mixed_spacer_antifouling,0.40,1.00,20,2,0.30,0.9012,0.9336,0.9342,0.9639,0.0704,0.0303,0.9860,0.7082,0.9167,0.5350,yes
triple_ring_24,mixed_spacer_antifouling,0.40,1.50,20,1,0.30,0.9046,0.9386,0.9426,0.9684,0.0740,0.0331,0.9888,0.6848,0.9167,0.5350,yes
triple_ring_24,mixed_spacer_antifouling,0.40,1.50,30,1,0.30,0.9015,0.9344,0.9249,0.9596,0.0512,0.0177,0.9833,0.8229,0.8889,0.5400,yes
triple_ring_24,mixed_spacer_antifouling,0.40,1.50,10,2,0.30,0.9037,0.9377,0.9426,0.9684,0.0740,0.0331,0.9888,0.6848,0.9167,0.5450,yes
triple_ring_24,mixed_spacer_antifouling,0.40,1.75,20,1,0.30,0.9060,0.9376,0.9365,0.9648,0.0607,0.0235,0.9867,0.7691,0.9167,0.5450,yes
triple_ring_24,mixed_spacer_antifouling,0.40,1.25,10,3,0.30,0.9021,0.9341,0.9357,0.9645,0.0672,0.0279,0.9864,0.7289,0.9167,0.5500,yes
triple_ring_24,mixed_spacer_antifouling,0.40,2.00,10,1,0.30,0.9015,0.9407,0.9494,0.9744,0.0857,0.0431,0.9922,0.5941,0.8889,0.5500,yes
triple_ring_24,mixed_spacer_antifouling,0.40,1.00,10,4,0.30,0.9000,0.9323,0.9342,0.9639,0.0704,0.0303,0.9860,0.7082,0.8889,0.5550,yes
triple_ring_24,mixed_spacer_antifouling,0.40,1.75,10,2,0.30,0.9050,0.9365,0.9365,0.9648,0.0607,0.0235,0.9867,0.7691,0.9167,0.5550,yes
triple_ring_24,polyT30_PEG_passivated,0.90,0.25,5,1,0.30,0.8344,0.9481,0.8651,0.9715,0.0423,0.0296,0.9996,0.0178,0.6944,0.9275,no
triple_ring_24,polyT30_PEG_passivated,0.90,0.25,10,1,0.30,0.8343,0.9480,0.8646,0.9711,0.0417,0.0288,0.9993,0.0353,0.6944,0.9300,no
triple_ring_24,polyT30_PEG_passivated,0.90,0.50,5,1,0.30,0.8343,0.9481,0.8645,0.9710,0.0412,0.0282,0.9992,0.0512,0.6944,0.9375,no
triple_ring_24,polyT30_PEG_passivated,0.90,0.25,5,2,0.30,0.8342,0.9478,0.8646,0.9711,0.0417,0.0288,0.9993,0.0353,0.6944,0.9400,no
triple_ring_24,polyT30_PEG_passivated,0.90,0.75,5,1,0.30,0.8342,0.9476,0.8638,0.9705,0.0398,0.0267,0.9987,0.0939,0.6944,0.9475,no
triple_ring_24,polyT30_PEG_passivated,0.90,1.00,5,1,0.30,0.8342,0.9465,0.8631,0.9699,0.0371,0.0246,0.9982,0.1428,0.6944,0.9575,no
triple_ring_24,polyT30_PEG_passivated,0.90,0.25,20,1,0.30,0.8341,0.9473,0.8636,0.9703,0.0406,0.0276,0.9986,0.0693,0.6944,0.9350,no
triple_ring_24,polyT30_PEG_passivated,0.90,0.50,10,1,0.30,0.8341,0.9470,0.8633,0.9701,0.0395,0.0265,0.9984,0.0999,0.6944,0.9400,no
triple_ring_24,polyT30_PEG_passivated,0.90,0.25,10,2,0.30,0.8340,0.9472,0.8636,0.9703,0.0406,0.0276,0.9986,0.0693,0.6944,0.9450,no
triple_ring_24,polyT30_PEG_passivated,0.90,1.25,5,1,0.30,0.8340,0.9453,0.8623,0.9693,0.0350,0.0223,0.9977,0.1956,0.6944,0.9675,no
triple_ring_24,polyT30_PEG_passivated,0.90,0.25,5,3,0.30,0.8339,0.9476,0.8641,0.9707,0.0411,0.0281,0.9989,0.0525,0.6944,0.9525,no
triple_ring_24,polyT30_PEG_passivated,0.90,0.25,30,1,0.30,0.8339,0.9457,0.8625,0.9695,0.0393,0.0264,0.9979,0.1022,0.6944,0.9400,no
triple_ring_24,polyT30_PEG_passivated,0.90,0.50,5,2,0.30,0.8339,0.9466,0.8633,0.9701,0.0395,0.0265,0.9984,0.0999,0.6944,0.9500,no
triple_ring_24,polyT30_PEG_passivated,0.90,0.25,5,4,0.30,0.8337,0.9468,0.8636,0.9703,0.0406,0.0276,0.9986,0.0693,0.6944,0.9650,no
triple_ring_24,polyT30_PEG_passivated,0.90,0.75,10,1,0.30,0.8337,0.9449,0.8620,0.9691,0.0356,0.0231,0.9975,0.1790,0.6944,0.9500,no
triple_ring_24,polyT30_PEG_passivated,0.90,0.25,10,3,0.30,0.8336,0.9454,0.8625,0.9695,0.0393,0.0264,0.9979,0.1022,0.6944,0.9600,no
triple_ring_24,polyT30_PEG_passivated,0.90,1.50,5,1,0.30,0.8336,0.9445,0.8616,0.9688,0.0336,0.0205,0.9972,0.2508,0.6944,0.9775,no
triple_ring_24,polyT30_PEG_passivated,0.90,0.75,5,2,0.30,0.8333,0.9444,0.8620,0.9691,0.0356,0.0231,0.9975,0.1790,0.6944,0.9600,no
triple_ring_24,polyT30_PEG_passivated,0.90,0.50,5,3,0.30,0.8332,0.9446,0.8622,0.9692,0.0370,0.0246,0.9976,0.1460,0.6944,0.9625,no
triple_ring_24,polyT30_PEG_passivated,0.90,1.75,5,1,0.30,0.8332,0.9444,0.8608,0.9681,0.0319,0.0190,0.9967,0.3070,0.6944,0.9875,no
triple_ring_24,polyT30_standard,0.90,2.00,5,1,0.30,0.5772,0.9037,0.6036,0.9344,0.0440,0.0273,0.9961,0.3630,0.5278,0.9975,no
triple_ring_24,polyT30_standard,0.90,1.75,10,1,0.30,0.5771,0.9038,0.5999,0.9291,0.0370,0.0182,0.9933,0.5196,0.5278,0.9900,no
triple_ring_24,polyT30_standard,0.90,2.00,10,1,0.30,0.5771,0.9031,0.5984,0.9265,0.0338,0.0148,0.9922,0.5941,0.5278,1.0000,no
triple_ring_24,polyT30_standard,0.90,1.75,5,1,0.30,0.5770,0.9033,0.6044,0.9348,0.0470,0.0298,0.9967,0.3070,0.5278,0.9875,no
triple_ring_24,polyT30_standard,0.90,1.50,10,1,0.30,0.5768,0.9036,0.6013,0.9313,0.0405,0.0221,0.9944,0.4387,0.5278,0.9800,no
triple_ring_24,polyT30_standard,0.90,1.50,5,1,0.30,0.5767,0.9028,0.6051,0.9352,0.0500,0.0347,0.9972,0.2508,0.5556,0.9775,no
triple_ring_24,polyT30_standard,0.90,1.25,10,1,0.30,0.5765,0.9032,0.6028,0.9335,0.0446,0.0277,0.9955,0.3529,0.5278,0.9700,no
triple_ring_24,polyT30_standard,0.90,1.25,5,1,0.30,0.5764,0.9029,0.6058,0.9356,0.0529,0.0383,0.9977,0.1956,0.5278,0.9675,no
triple_ring_24,polyT30_standard,0.90,1.75,5,2,0.30,0.5764,0.9028,0.5999,0.9291,0.0370,0.0182,0.9933,0.5196,0.5278,1.0000,no
triple_ring_24,polyT30_standard,0.90,2.00,5,2,0.30,0.5763,0.9019,0.5984,0.9265,0.0338,0.0148,0.9922,0.5941,0.5278,1.0100,no
triple_ring_24,polyT30_standard,0.90,1.00,10,1,0.30,0.5762,0.9026,0.6041,0.9347,0.0491,0.0335,0.9965,0.2651,0.5278,0.9600,no
triple_ring_24,polyT30_standard,0.90,1.50,5,2,0.30,0.5762,0.9027,0.6013,0.9313,0.0405,0.0221,0.9944,0.4387,0.5278,0.9900,no
triple_ring_24,polyT30_standard,0.90,1.00,5,1,0.30,0.5761,0.9031,0.6065,0.9360,0.0570,0.0412,0.9982,0.1428,0.5278,0.9575,no
triple_ring_24,polyT30_standard,0.90,1.25,5,2,0.30,0.5760,0.9024,0.6028,0.9335,0.0446,0.0277,0.9955,0.3529,0.5278,0.9800,no
triple_ring_24,polyT30_standard,0.90,0.75,10,1,0.30,0.5759,0.9023,0.6055,0.9354,0.0542,0.0390,0.9975,0.1790,0.5278,0.9500,no
triple_ring_24,polyT30_standard,0.90,1.00,5,2,0.30,0.5759,0.9020,0.6041,0.9347,0.0491,0.0335,0.9965,0.2651,0.5278,0.9700,no
triple_ring_24,polyT30_standard,0.90,0.75,5,1,0.30,0.5758,0.9033,0.6072,0.9363,0.0597,0.0451,0.9987,0.0939,0.5278,0.9475,no
triple_ring_24,polyT30_standard,0.90,1.00,20,1,0.30,0.5758,0.9026,0.5994,0.9284,0.0395,0.0210,0.9930,0.4599,0.5278,0.9650,no
triple_ring_24,polyT30_standard,0.90,0.50,5,1,0.30,0.5756,0.9036,0.6079,0.9367,0.0622,0.0468,0.9992,0.0512,0.5278,0.9375,no
triple_ring_24,polyT30_standard,0.90,0.50,10,1,0.30,0.5756,0.9029,0.6068,0.9361,0.0594,0.0446,0.9984,0.0999,0.5278,0.9400,no
triple_ring_24,rigid_spacer_PEG,0.90,2.00,5,1,0.30,0.8880,0.9469,0.9159,0.9708,0.0287,0.0167,0.9961,0.3630,0.8889,0.9975,no
triple_ring_24,rigid_spacer_PEG,0.90,1.75,5,1,0.30,0.8879,0.9473,0.9169,0.9720,0.0305,0.0190,0.9967,0.3070,0.8889,0.9875,no
triple_ring_24,rigid_spacer_PEG,0.90,1.50,5,1,0.30,0.8876,0.9476,0.9178,0.9727,0.0319,0.0221,0.9972,0.2508,0.8889,0.9775,no
triple_ring_24,rigid_spacer_PEG,0.90,1.25,5,1,0.30,0.8872,0.9479,0.9187,0.9731,0.0337,0.0240,0.9977,0.1956,0.8889,0.9675,no
triple_ring_24,rigid_spacer_PEG,0.90,1.25,10,1,0.30,0.8871,0.9463,0.9148,0.9694,0.0291,0.0170,0.9955,0.3529,0.8889,0.9700,no
triple_ring_24,rigid_spacer_PEG,0.90,1.00,10,1,0.30,0.8870,0.9470,0.9166,0.9716,0.0316,0.0215,0.9965,0.2651,0.8889,0.9600,no
triple_ring_24,rigid_spacer_PEG,0.90,1.50,10,1,0.30,0.8869,0.9455,0.9129,0.9674,0.0260,0.0148,0.9944,0.4387,0.8889,0.9800,no
triple_ring_24,rigid_spacer_PEG,0.90,1.00,5,1,0.30,0.8868,0.9480,0.9196,0.9737,0.0358,0.0255,0.9982,0.1428,0.8889,0.9575,no
triple_ring_24,rigid_spacer_PEG,0.90,0.75,10,1,0.30,0.8867,0.9476,0.9183,0.9729,0.0343,0.0246,0.9975,0.1790,0.8889,0.9500,no
triple_ring_24,rigid_spacer_PEG,0.90,0.75,5,1,0.30,0.8864,0.9476,0.9205,0.9743,0.0377,0.0269,0.9987,0.0939,0.8889,0.9475,no
triple_ring_24,rigid_spacer_PEG,0.90,1.00,5,2,0.30,0.8864,0.9464,0.9166,0.9716,0.0316,0.0215,0.9965,0.2651,0.8889,0.9700,no
triple_ring_24,rigid_spacer_PEG,0.90,1.25,5,2,0.30,0.8864,0.9455,0.9148,0.9694,0.0291,0.0170,0.9955,0.3529,0.8889,0.9800,no
triple_ring_24,rigid_spacer_PEG,0.90,1.75,10,1,0.30,0.8864,0.9441,0.9110,0.9659,0.0232,0.0130,0.9933,0.5196,0.8889,0.9900,no
triple_ring_24,rigid_spacer_PEG,0.90,0.50,10,1,0.30,0.8862,0.9476,0.9200,0.9739,0.0375,0.0267,0.9984,0.0999,0.8889,0.9400,no
triple_ring_24,rigid_spacer_PEG,0.90,0.75,5,2,0.30,0.8862,0.9471,0.9183,0.9729,0.0343,0.0246,0.9975,0.1790,0.8889,0.9600,no
triple_ring_24,rigid_spacer_PEG,0.90,0.50,5,1,0.30,0.8860,0.9472,0.9214,0.9749,0.0399,0.0281,0.9992,0.0512,0.8889,0.9375,no
triple_ring_24,rigid_spacer_PEG,0.90,0.50,20,1,0.30,0.8860,0.9470,0.9172,0.9724,0.0338,0.0242,0.9968,0.1898,0.8889,0.9450,no
triple_ring_24,rigid_spacer_PEG,0.90,0.75,20,1,0.30,0.8860,0.9456,0.9139,0.9683,0.0301,0.0179,0.9950,0.3259,0.8889,0.9550,no
triple_ring_24,rigid_spacer_PEG,0.90,1.50,5,2,0.30,0.8860,0.9446,0.9129,0.9674,0.0260,0.0148,0.9944,0.4387,0.8889,0.9900,no
triple_ring_24,rigid_spacer_PEG,0.90,0.50,5,2,0.30,0.8859,0.9473,0.9200,0.9739,0.0375,0.0267,0.9984,0.0999,0.8889,0.9500,no
