scenario,layout,aptamer_count,active_aptamers,mean_diameter_nm,mean_receptors,active_aptamer_fraction,linker_reach_multiplier,diffusion_nm2_per_s,k_on_per_step,k_off_per_s,nonspecific_per_encounter,damage_per_encounter,activity_loss_per_encounter,single_encounter_capture,best_encounters,target_capture,false_capture_risk,damage_risk,useful_capture_score
1,clinical_grid_12,12,12,78.61886,4.37915,0.87338,0.87755,51.62184,0.23605,0.23792,0.01869,0.01023,0.03672,0.04167,10,0.30278,0.11782,0.09768,0.27520
1,clinical_grid_18,18,15,78.61886,4.37915,0.87338,0.87755,51.62184,0.23605,0.23792,0.01869,0.01023,0.03672,0.12500,10,0.67504,0.17191,0.09768,0.59592
1,clinical_dense_24,24,23,78.61886,4.37915,0.87338,0.87755,51.62184,0.23605,0.23792,0.01869,0.01023,0.03672,0.12500,10,0.67504,0.22300,0.09768,0.57927
1,clinical_hybrid_24,24,21,78.61886,4.37915,0.87338,0.87755,51.62184,0.23605,0.23792,0.01869,0.01023,0.03672,0.20833,10,0.85795,0.22300,0.09768,0.73623
1,clinical_rescue_24,24,22,78.61886,4.37915,0.87338,0.87755,51.62184,0.23605,0.23792,0.01869,0.01023,0.03672,0.12500,10,0.67504,0.22300,0.09768,0.57927
2,clinical_grid_12,12,9,75.52746,5.44829,0.79728,0.77144,24.04950,0.17130,0.22746,0.05736,0.01292,0.01564,0.04167,10,0.32719,0.32288,0.12195,0.26266
2,clinical_grid_18,18,16,75.52746,5.44829,0.79728,0.77144,24.04950,0.17130,0.22746,0.05736,0.01292,0.01564,0.12500,10,0.71047,0.44607,0.12195,0.52845
2,clinical_dense_24,24,18,75.52746,5.44829,0.79728,0.77144,24.04950,0.17130,0.22746,0.05736,0.01292,0.01564,0.04167,10,0.32719,0.54871,0.12195,0.22729
2,clinical_hybrid_24,24,19,75.52746,5.44829,0.79728,0.77144,24.04950,0.17130,0.22746,0.05736,0.01292,0.01564,0.08333,10,0.55469,0.54871,0.12195,0.38533
2,clinical_rescue_24,24,18,75.52746,5.44829,0.79728,0.77144,24.04950,0.17130,0.22746,0.05736,0.01292,0.01564,0.04167,10,0.32719,0.54871,0.12195,0.22729
3,clinical_grid_12,12,6,78.10271,5.16452,0.63254,1.12216,42.16924,0.09637,0.11807,0.04141,0.01809,0.02004,0.12500,10,0.70303,0.24418,0.16683,0.58116
3,clinical_grid_18,18,11,78.10271,5.16452,0.63254,1.12216,42.16924,0.09637,0.11807,0.04141,0.01809,0.02004,0.20833,10,0.87930,0.34487,0.16683,0.68519
3,clinical_dense_24,24,15,78.10271,5.16452,0.63254,1.12216,42.16924,0.09637,0.11807,0.04141,0.01809,0.02004,0.16667,10,0.80874,0.43332,0.16683,0.59653
3,clinical_hybrid_24,24,12,78.10271,5.16452,0.63254,1.12216,42.16924,0.09637,0.11807,0.04141,0.01809,0.02004,0.33333,7,0.92855,0.32805,0.11993,0.74366
3,clinical_rescue_24,24,13,78.10271,5.16452,0.63254,1.12216,42.16924,0.09637,0.11807,0.04141,0.01809,0.02004,0.16667,10,0.80874,0.43332,0.16683,0.59653
4,clinical_grid_12,12,12,70.07984,4.68401,0.83931,0.77274,29.67437,0.09550,0.22519,0.04364,0.00472,0.03015,0.12500,10,0.68602,0.25564,0.04623,0.58865
4,clinical_grid_18,18,17,70.07984,4.68401,0.83931,0.77274,29.67437,0.09550,0.22519,0.04364,0.00472,0.03015,0.16667,10,0.79335,0.35994,0.04623,0.64005
4,clinical_dense_24,24,21,70.07984,4.68401,0.83931,0.77274,29.67437,0.09550,0.22519,0.04364,0.00472,0.03015,0.04167,10,0.31017,0.45089,0.04623,0.23635
4,clinical_hybrid_24,24,21,70.07984,4.68401,0.83931,0.77274,29.67437,0.09550,0.22519,0.04364,0.00472,0.03015,0.08333,10,0.53095,0.45089,0.04623,0.40460
4,clinical_rescue_24,24,17,70.07984,4.68401,0.83931,0.77274,29.67437,0.09550,0.22519,0.04364,0.00472,0.03015,0.12500,10,0.68602,0.45089,0.04623,0.52276
5,clinical_grid_12,12,9,69.25538,4.81201,0.57871,0.90101,32.35703,0.09162,0.24238,0.02640,0.00768,0.03786,0.08333,10,0.51867,0.16267,0.07424,0.46410
5,clinical_grid_18,18,12,69.25538,4.81201,0.57871,0.90101,32.35703,0.09162,0.24238,0.02640,0.00768,0.03786,0.08333,10,0.51867,0.23471,0.07424,0.44590
5,clinical_dense_24,24,16,69.25538,4.81201,0.57871,0.90101,32.35703,0.09162,0.24238,0.02640,0.00768,0.03786,0.16667,10,0.78150,0.30112,0.07424,0.64659
5,clinical_hybrid_24,24,12,69.25538,4.81201,0.57871,0.90101,32.35703,0.09162,0.24238,0.02640,0.00768,0.03786,0.08333,10,0.51867,0.30112,0.07424,0.42913
5,clinical_rescue_24,24,17,69.25538,4.81201,0.57871,0.90101,32.35703,0.09162,0.24238,0.02640,0.00768,0.03786,0.20833,10,0.85644,0.30112,0.07424,0.70859
6,clinical_grid_12,12,8,81.28472,8.92779,0.63016,1.05959,51.41945,0.18480,0.14300,0.02057,0.00396,0.01377,0.20833,10,0.88703,0.12897,0.03890,0.81853
6,clinical_grid_18,18,11,81.28472,8.92779,0.63016,1.05959,51.41945,0.18480,0.14300,0.02057,0.00396,0.01377,0.08333,10,0.55781,0.18766,0.03890,0.49858
6,clinical_dense_24,24,12,81.28472,8.92779,0.63016,1.05959,51.41945,0.18480,0.14300,0.02057,0.00396,0.01377,0.20833,10,0.88703,0.24277,0.03890,0.76875
6,clinical_hybrid_24,24,15,81.28472,8.92779,0.63016,1.05959,51.41945,0.18480,0.14300,0.02057,0.00396,0.01377,0.25000,10,0.93146,0.24277,0.03890,0.80725
6,clinical_rescue_24,24,15,81.28472,8.92779,0.63016,1.05959,51.41945,0.18480,0.14300,0.02057,0.00396,0.01377,0.25000,10,0.93146,0.24277,0.03890,0.80725
7,clinical_grid_12,12,6,69.49819,9.05048,0.63414,0.80807,42.39430,0.10626,0.10876,0.02279,0.00649,0.03740,0.08333,10,0.51940,0.14197,0.06303,0.47188
7,clinical_grid_18,18,10,69.49819,9.05048,0.63414,0.80807,42.39430,0.10626,0.10876,0.02279,0.00649,0.03740,0.12500,10,0.67390,0.20591,0.06303,0.59118
7,clinical_dense_24,24,14,69.49819,9.05048,0.63414,0.80807,42.39430,0.10626,0.10876,0.02279,0.00649,0.03740,0.08333,10,0.51940,0.26553,0.06303,0.44050
7,clinical_hybrid_24,24,14,69.49819,9.05048,0.63414,0.80807,42.39430,0.10626,0.10876,0.02279,0.00649,0.03740,0.08333,10,0.51940,0.26553,0.06303,0.44050
7,clinical_rescue_24,24,13,69.49819,9.05048,0.63414,0.80807,42.39430,0.10626,0.10876,0.02279,0.00649,0.03740,0.08333,10,0.51940,0.26553,0.06303,0.44050
8,clinical_grid_12,12,9,77.51989,5.68660,0.49021,0.98199,46.52288,0.17191,0.24424,0.05337,0.00997,0.02787,0.08333,10,0.53464,0.30391,0.09531,0.43827
8,clinical_grid_18,18,12,77.51989,5.68660,0.49021,0.98199,46.52288,0.17191,0.24424,0.05337,0.00997,0.02787,0.16667,10,0.79685,0.42216,0.09531,0.60768
8,clinical_dense_24,24,11,77.51989,5.68660,0.49021,0.98199,46.52288,0.17191,0.24424,0.05337,0.00997,0.02787,0.12500,10,0.68985,0.52201,0.09531,0.49279
8,clinical_hybrid_24,24,8,77.51989,5.68660,0.49021,0.98199,46.52288,0.17191,0.24424,0.05337,0.00997,0.02787,0.08333,10,0.53464,0.52201,0.09531,0.38191
8,clinical_rescue_24,24,14,77.51989,5.68660,0.49021,0.98199,46.52288,0.17191,0.24424,0.05337,0.00997,0.02787,0.12500,10,0.68985,0.52201,0.09531,0.49279
9,clinical_grid_12,12,9,74.77079,4.58353,0.80605,0.80736,49.69938,0.20618,0.23892,0.06280,0.00841,0.03029,0.04167,10,0.31001,0.34799,0.08095,0.24881
9,clinical_grid_18,18,17,74.77079,4.58353,0.80605,0.80736,49.69938,0.20618,0.23892,0.06280,0.00841,0.03029,0.16667,10,0.79315,0.47722,0.08095,0.58678
9,clinical_dense_24,24,20,74.77079,4.58353,0.80605,0.80736,49.69938,0.20618,0.23892,0.06280,0.00841,0.03029,0.08333,10,0.53073,0.58293,0.08095,0.36539
9,clinical_hybrid_24,24,18,74.77079,4.58353,0.80605,0.80736,49.69938,0.20618,0.23892,0.06280,0.00841,0.03029,0.16667,10,0.79315,0.58293,0.08095,0.54605
9,clinical_rescue_24,24,21,74.77079,4.58353,0.80605,0.80736,49.69938,0.20618,0.23892,0.06280,0.00841,0.03029,0.16667,10,0.79315,0.58293,0.08095,0.54605
10,clinical_grid_12,12,6,81.84416,4.68248,0.45488,0.92151,28.38890,0.10946,0.22955,0.03676,0.01389,0.03791,0.25000,10,0.90738,0.21971,0.13056,0.77079
10,clinical_grid_18,18,9,81.84416,4.68248,0.45488,0.92151,28.38890,0.10946,0.22955,0.03676,0.01389,0.03791,0.16667,10,0.78143,0.31235,0.13056,0.62926
10,clinical_dense_24,24,9,81.84416,4.68248,0.45488,0.92151,28.38890,0.10946,0.22955,0.03676,0.01389,0.03791,0.16667,10,0.78143,0.39498,0.13056,0.59845
10,clinical_hybrid_24,24,9,81.84416,4.68248,0.45488,0.92151,28.38890,0.10946,0.22955,0.03676,0.01389,0.03791,0.08333,10,0.51859,0.39498,0.13056,0.39716
10,clinical_rescue_24,24,9,81.84416,4.68248,0.45488,0.92151,28.38890,0.10946,0.22955,0.03676,0.01389,0.03791,0.08333,10,0.51859,0.39498,0.13056,0.39716
11,clinical_grid_12,12,10,81.82481,6.37442,0.79506,1.13350,33.40139,0.19410,0.09307,0.03006,0.01160,0.02349,0.20833,10,0.87498,0.18329,0.11013,0.76416
11,clinical_grid_18,18,13,81.82481,6.37442,0.79506,1.13350,33.40139,0.19410,0.09307,0.03006,0.01160,0.02349,0.12500,10,0.69722,0.26307,0.11013,0.58217
11,clinical_dense_24,24,19,81.82481,6.37442,0.79506,1.13350,33.40139,0.19410,0.09307,0.03006,0.01160,0.02349,0.16667,10,0.80352,0.33576,0.11013,0.64285
11,clinical_hybrid_24,24,20,81.82481,6.37442,0.79506,1.13350,33.40139,0.19410,0.09307,0.03006,0.01160,0.02349,0.41667,6,0.95006,0.21766,0.06761,0.82663
11,clinical_rescue_24,24,20,81.82481,6.37442,0.79506,1.13350,33.40139,0.19410,0.09307,0.03006,0.01160,0.02349,0.37500,7,0.95087,0.24902,0.07843,0.80962
12,clinical_grid_12,12,6,75.90715,9.42227,0.45470,0.97434,35.13482,0.11480,0.28296,0.05037,0.00948,0.02910,0.12500,10,0.68778,0.28936,0.09088,0.56956
12,clinical_grid_18,18,5,75.90715,9.42227,0.45470,0.97434,35.13482,0.11480,0.28296,0.05037,0.00948,0.02910,0.04167,10,0.31137,0.40361,0.09088,0.24063
12,clinical_dense_24,24,10,75.90715,9.42227,0.45470,0.97434,35.13482,0.11480,0.28296,0.05037,0.00948,0.02910,0.08333,10,0.53264,0.50105,0.09088,0.38651
12,clinical_hybrid_24,24,8,75.90715,9.42227,0.45470,0.97434,35.13482,0.11480,0.28296,0.05037,0.00948,0.02910,0.16667,10,0.79496,0.50105,0.09088,0.57685
12,clinical_rescue_24,24,13,75.90715,9.42227,0.45470,0.97434,35.13482,0.11480,0.28296,0.05037,0.00948,0.02910,0.25000,9,0.89674,0.46513,0.08218,0.66840
13,clinical_grid_12,12,7,66.89644,5.49205,0.59295,0.81694,48.32785,0.14236,0.20483,0.03359,0.01582,0.00720,0.04167,10,0.33753,0.20268,0.14742,0.28768
13,clinical_grid_18,18,8,66.89644,5.49205,0.59295,0.81694,48.32785,0.14236,0.20483,0.03359,0.01582,0.00720,0.16667,10,0.82794,0.28945,0.14742,0.67158
13,clinical_dense_24,24,15,66.89644,5.49205,0.59295,0.81694,48.32785,0.14236,0.20483,0.03359,0.01582,0.00720,0.04167,10,0.33753,0.36762,0.14742,0.26128
13,clinical_hybrid_24,24,15,66.89644,5.49205,0.59295,0.81694,48.32785,0.14236,0.20483,0.03359,0.01582,0.00720,0.08333,10,0.56884,0.36762,0.14742,0.44032
13,clinical_rescue_24,24,7,66.89644,5.49205,0.59295,0.81694,48.32785,0.14236,0.20483,0.03359,0.01582,0.00720,0.08333,10,0.56884,0.36762,0.14742,0.44032
14,clinical_grid_12,12,9,76.83770,5.94878,0.72348,0.97328,50.83312,0.11083,0.10144,0.01492,0.01879,0.03013,0.00000,1,0.00000,0.00995,0.01879,0.00000
14,clinical_grid_18,18,15,76.83770,5.94878,0.72348,0.97328,50.83312,0.11083,0.10144,0.01492,0.01879,0.03013,0.12500,10,0.68606,0.13957,0.17276,0.59959
14,clinical_dense_24,24,14,76.83770,5.94878,0.72348,0.97328,50.83312,0.11083,0.10144,0.01492,0.01879,0.03013,0.12500,10,0.68606,0.18204,0.17276,0.58591
14,clinical_hybrid_24,24,20,76.83770,5.94878,0.72348,0.97328,50.83312,0.11083,0.10144,0.01492,0.01879,0.03013,0.25000,10,0.91548,0.18204,0.17276,0.78184
14,clinical_rescue_24,24,15,76.83770,5.94878,0.72348,0.97328,50.83312,0.11083,0.10144,0.01492,0.01879,0.03013,0.16667,10,0.79339,0.18204,0.17276,0.67757
15,clinical_grid_12,12,5,70.22744,8.32583,0.45986,0.95186,33.92256,0.08749,0.07566,0.06828,0.01277,0.01816,0.04167,10,0.32417,0.37243,0.12062,0.25267
15,clinical_grid_18,18,5,70.22744,8.32583,0.45986,0.95186,33.92256,0.08749,0.07566,0.06828,0.01277,0.01816,0.12500,10,0.70622,0.50700,0.12062,0.50493
15,clinical_dense_24,24,13,70.22744,8.32583,0.45986,0.95186,33.92256,0.08749,0.07566,0.06828,0.01277,0.01816,0.16667,10,0.81159,0.61502,0.12062,0.53829
15,clinical_hybrid_24,24,11,70.22744,8.32583,0.45986,0.95186,33.92256,0.08749,0.07566,0.06828,0.01277,0.01816,0.25000,8,0.88238,0.53404,0.09772,0.62465
15,clinical_rescue_24,24,10,70.22744,8.32583,0.45986,0.95186,33.92256,0.08749,0.07566,0.06828,0.01277,0.01816,0.08333,10,0.55052,0.61502,0.12062,0.36514
16,clinical_grid_12,12,5,77.43185,8.63167,0.48179,0.79576,26.42451,0.19118,0.20872,0.06102,0.00714,0.02130,0.08333,10,0.54534,0.33986,0.06916,0.44171
16,clinical_grid_18,18,10,77.43185,8.63167,0.48179,0.79576,26.42451,0.19118,0.20872,0.06102,0.00714,0.02130,0.29167,8,0.92019,0.39570,0.05572,0.72373
16,clinical_dense_24,24,20,77.43185,8.63167,0.48179,0.79576,26.42451,0.19118,0.20872,0.06102,0.00714,0.02130,0.33333,6,0.89775,0.39900,0.04209,0.70806
16,clinical_hybrid_24,24,8,77.43185,8.63167,0.48179,0.79576,26.42451,0.19118,0.20872,0.06102,0.00714,0.02130,0.16667,10,0.80684,0.57199,0.06916,0.56214
16,clinical_rescue_24,24,7,77.43185,8.63167,0.48179,0.79576,26.42451,0.19118,0.20872,0.06102,0.00714,0.02130,0.12500,10,0.70091,0.57199,0.06916,0.48834
17,clinical_grid_12,12,10,74.33946,6.69460,0.89794,0.90850,46.79612,0.14018,0.19181,0.03075,0.01982,0.02319,0.04167,10,0.31822,0.18711,0.18140,0.27014
17,clinical_grid_18,18,17,74.33946,6.69460,0.89794,0.90850,46.79612,0.14018,0.19181,0.03075,0.01982,0.02319,0.12500,10,0.69774,0.26829,0.18140,0.56578
17,clinical_dense_24,24,22,74.33946,6.69460,0.89794,0.90850,46.79612,0.14018,0.19181,0.03075,0.01982,0.02319,0.16667,10,0.80398,0.34210,0.18140,0.62415
17,clinical_hybrid_24,24,23,74.33946,6.69460,0.89794,0.90850,46.79612,0.14018,0.19181,0.03075,0.01982,0.02319,0.25000,9,0.90277,0.31397,0.16485,0.71714
17,clinical_rescue_24,24,22,74.33946,6.69460,0.89794,0.90850,46.79612,0.14018,0.19181,0.03075,0.01982,0.02319,0.20833,10,0.87537,0.34210,0.18140,0.67956
18,clinical_grid_12,12,12,79.56114,5.21158,0.82809,0.82928,21.49411,0.10184,0.25836,0.05287,0.00951,0.03157,0.12500,10,0.68365,0.30152,0.09115,0.56206
18,clinical_grid_18,18,16,79.56114,5.21158,0.82809,0.82928,21.49411,0.10184,0.25836,0.05287,0.00951,0.03157,0.12500,10,0.68365,0.41913,0.09115,0.52314
18,clinical_dense_24,24,20,79.56114,5.21158,0.82809,0.82928,21.49411,0.10184,0.25836,0.05287,0.00951,0.03157,0.08333,10,0.52868,0.51860,0.09115,0.37910
18,clinical_hybrid_24,24,19,79.56114,5.21158,0.82809,0.82928,21.49411,0.10184,0.25836,0.05287,0.00951,0.03157,0.20833,10,0.86466,0.51860,0.09115,0.62002
18,clinical_rescue_24,24,18,79.56114,5.21158,0.82809,0.82928,21.49411,0.10184,0.25836,0.05287,0.00951,0.03157,0.08333,10,0.52868,0.51860,0.09115,0.37910
19,clinical_grid_12,12,10,81.69592,7.91945,0.62171,0.97044,21.78082,0.11320,0.21547,0.01178,0.00564,0.02432,0.20833,10,0.87394,0.07579,0.05503,0.82462
19,clinical_grid_18,18,11,81.69592,7.91945,0.62171,0.97044,21.78082,0.11320,0.21547,0.01178,0.00564,0.02432,0.20833,10,0.87394,0.11171,0.05503,0.80923
19,clinical_dense_24,24,19,81.69592,7.91945,0.62171,0.97044,21.78082,0.11320,0.21547,0.01178,0.00564,0.02432,0.25000,10,0.92133,0.14637,0.05503,0.83746
19,clinical_hybrid_24,24,14,81.69592,7.91945,0.62171,0.97044,21.78082,0.11320,0.21547,0.01178,0.00564,0.02432,0.29167,10,0.95205,0.14637,0.05503,0.86538
19,clinical_rescue_24,24,11,81.69592,7.91945,0.62171,0.97044,21.78082,0.11320,0.21547,0.01178,0.00564,0.02432,0.20833,10,0.87394,0.14637,0.05503,0.79438
20,clinical_grid_12,12,5,71.78543,7.13485,0.45650,0.96544,51.43524,0.10771,0.25691,0.02092,0.00515,0.01501,0.04167,10,0.32796,0.13102,0.05031,0.30108
20,clinical_grid_18,18,7,71.78543,7.13485,0.45650,0.96544,51.43524,0.10771,0.25691,0.02092,0.00515,0.01501,0.08333,10,0.55574,0.19055,0.05031,0.49394
20,clinical_dense_24,24,13,71.78543,7.13485,0.45650,0.96544,51.43524,0.10771,0.25691,0.02092,0.00515,0.01501,0.20833,10,0.88552,0.24638,0.05031,0.76276
20,clinical_hybrid_24,24,9,71.78543,7.13485,0.45650,0.96544,51.43524,0.10771,0.25691,0.02092,0.00515,0.01501,0.12500,10,0.71154,0.24638,0.05031,0.61289
20,clinical_rescue_24,24,9,71.78543,7.13485,0.45650,0.96544,51.43524,0.10771,0.25691,0.02092,0.00515,0.01501,0.20833,10,0.88552,0.24638,0.05031,0.76276
21,clinical_grid_12,12,7,65.88033,9.15460,0.59078,1.05863,43.36338,0.21606,0.07742,0.05273,0.01488,0.03214,0.16667,10,0.79031,0.30081,0.13924,0.63872
21,clinical_grid_18,18,14,65.88033,9.15460,0.59078,1.05863,43.36338,0.21606,0.07742,0.05273,0.01488,0.03214,0.25000,9,0.89359,0.38584,0.12624,0.68934
21,clinical_dense_24,24,13,65.88033,9.15460,0.59078,1.05863,43.36338,0.21606,0.07742,0.05273,0.01488,0.03214,0.20833,10,0.86392,0.51759,0.13924,0.60913
21,clinical_hybrid_24,24,10,65.88033,9.15460,0.59078,1.05863,43.36338,0.21606,0.07742,0.05273,0.01488,0.03214,0.25000,8,0.86823,0.44187,0.11304,0.64965
21,clinical_rescue_24,24,17,65.88033,9.15460,0.59078,1.05863,43.36338,0.21606,0.07742,0.05273,0.01488,0.03214,0.33333,7,0.92020,0.39967,0.09964,0.71063
22,clinical_grid_12,12,3,77.87912,8.71006,0.50117,0.80078,41.71787,0.15991,0.10013,0.02694,0.01462,0.02317,0.08333,10,0.54227,0.16573,0.13696,0.47350
22,clinical_grid_18,18,12,77.87912,8.71006,0.50117,0.80078,41.71787,0.15991,0.10013,0.02694,0.01462,0.02317,0.08333,10,0.54227,0.23894,0.13696,0.45460
22,clinical_dense_24,24,13,77.87912,8.71006,0.50117,0.80078,41.71787,0.15991,0.10013,0.02694,0.01462,0.02317,0.12500,10,0.69776,0.30632,0.13696,0.56256
22,clinical_hybrid_24,24,7,77.87912,8.71006,0.50117,0.80078,41.71787,0.15991,0.10013,0.02694,0.01462,0.02317,0.16667,10,0.80400,0.30632,0.13696,0.64822
22,clinical_rescue_24,24,10,77.87912,8.71006,0.50117,0.80078,41.71787,0.15991,0.10013,0.02694,0.01462,0.02317,0.16667,10,0.80400,0.30632,0.13696,0.64822
23,clinical_grid_12,12,9,74.35017,8.52131,0.79372,0.83108,34.82993,0.10094,0.13644,0.03947,0.00911,0.03799,0.12500,10,0.67291,0.23408,0.08745,0.57596
23,clinical_grid_18,18,13,74.35017,8.52131,0.79372,0.83108,34.82993,0.10094,0.13644,0.03947,0.00911,0.03799,0.16667,10,0.78130,0.33150,0.08745,0.63185
23,clinical_dense_24,24,20,74.35017,8.52131,0.79372,0.83108,34.82993,0.10094,0.13644,0.03947,0.00911,0.03799,0.12500,10,0.67291,0.41763,0.08745,0.51610
23,clinical_hybrid_24,24,21,74.35017,8.52131,0.79372,0.83108,34.82993,0.10094,0.13644,0.03947,0.00911,0.03799,0.20833,10,0.85627,0.41763,0.08745,0.65673
23,clinical_rescue_24,24,17,74.35017,8.52131,0.79372,0.83108,34.82993,0.10094,0.13644,0.03947,0.00911,0.03799,0.12500,10,0.67291,0.41763,0.08745,0.51610
24,clinical_grid_12,12,6,79.24092,3.41387,0.62419,0.87994,36.05217,0.14054,0.12073,0.03860,0.00614,0.00545,0.04167,10,0.33972,0.22948,0.05971,0.29445
24,clinical_grid_18,18,11,79.24092,3.41387,0.62419,0.87994,36.05217,0.14054,0.12073,0.03860,0.00614,0.00545,0.20833,10,0.89697,0.32539,0.05971,0.73534
24,clinical_dense_24,24,17,79.24092,3.41387,0.62419,0.87994,36.05217,0.14054,0.12073,0.03860,0.00614,0.00545,0.08333,10,0.57180,0.41042,0.05971,0.44496
24,clinical_hybrid_24,24,12,79.24092,3.41387,0.62419,0.87994,36.05217,0.14054,0.12073,0.03860,0.00614,0.00545,0.16667,10,0.83052,0.41042,0.05971,0.64629
24,clinical_rescue_24,24,17,79.24092,3.41387,0.62419,0.87994,36.05217,0.14054,0.12073,0.03860,0.00614,0.00545,0.16667,10,0.83052,0.41042,0.05971,0.64629
25,clinical_grid_12,12,9,66.38856,7.65120,0.71568,0.91944,37.72303,0.13576,0.16891,0.04294,0.00530,0.02335,0.08333,10,0.54199,0.25204,0.05174,0.46511
25,clinical_grid_18,18,11,66.38856,7.65120,0.71568,0.91944,37.72303,0.13576,0.16891,0.04294,0.00530,0.02335,0.12500,10,0.69746,0.35522,0.05174,0.56320
25,clinical_dense_24,24,16,66.38856,7.65120,0.71568,0.91944,37.72303,0.13576,0.16891,0.04294,0.00530,0.02335,0.20833,10,0.87516,0.44540,0.05174,0.66794
25,clinical_hybrid_24,24,16,66.38856,7.65120,0.71568,0.91944,37.72303,0.13576,0.16891,0.04294,0.00530,0.02335,0.33333,7,0.92631,0.33811,0.03651,0.75988
25,clinical_rescue_24,24,18,66.38856,7.65120,0.71568,0.91944,37.72303,0.13576,0.16891,0.04294,0.00530,0.02335,0.08333,10,0.54199,0.44540,0.05174,0.41366
26,clinical_grid_12,12,8,78.11894,8.93903,0.83207,0.87639,39.27071,0.10116,0.19683,0.02599,0.01966,0.01277,0.16667,10,0.81966,0.16036,0.18009,0.70642
26,clinical_grid_18,18,15,78.11894,8.93903,0.83207,0.87639,39.27071,0.10116,0.19683,0.02599,0.01966,0.01277,0.29167,9,0.94619,0.21101,0.16364,0.79789
26,clinical_dense_24,24,21,78.11894,8.93903,0.83207,0.87639,39.27071,0.10116,0.19683,0.02599,0.01966,0.01277,0.25000,10,0.93239,0.29719,0.18009,0.74380
26,clinical_hybrid_24,24,19,78.11894,8.93903,0.83207,0.87639,39.27071,0.10116,0.19683,0.02599,0.01966,0.01277,0.12500,10,0.71531,0.29719,0.18009,0.57063
26,clinical_rescue_24,24,19,78.11894,8.93903,0.83207,0.87639,39.27071,0.10116,0.19683,0.02599,0.01966,0.01277,0.25000,10,0.93239,0.29719,0.18009,0.74380
27,clinical_grid_12,12,12,66.18091,8.49795,0.89864,1.13755,22.65865,0.22973,0.07088,0.05876,0.01597,0.00607,0.37500,7,0.95984,0.24401,0.10660,0.81129
27,clinical_grid_18,18,16,66.18091,8.49795,0.89864,1.13755,22.65865,0.22973,0.07088,0.05876,0.01597,0.00607,0.37500,6,0.93710,0.30465,0.09209,0.76875
27,clinical_dense_24,24,21,66.18091,8.49795,0.89864,1.13755,22.65865,0.22973,0.07088,0.05876,0.01597,0.00607,0.20833,9,0.87076,0.52015,0.13491,0.61388
27,clinical_hybrid_24,24,21,66.18091,8.49795,0.89864,1.13755,22.65865,0.22973,0.07088,0.05876,0.01597,0.00607,0.45833,5,0.95095,0.33497,0.07736,0.77024
27,clinical_rescue_24,24,21,66.18091,8.49795,0.89864,1.13755,22.65865,0.22973,0.07088,0.05876,0.01597,0.00607,0.45833,5,0.95095,0.33497,0.07736,0.77024
28,clinical_grid_12,12,8,80.00944,3.06625,0.80852,0.89189,48.62852,0.19584,0.27052,0.06242,0.01328,0.03212,0.16667,10,0.79034,0.34624,0.12516,0.62489
28,clinical_grid_18,18,15,80.00944,3.06625,0.80852,0.89189,48.62852,0.19584,0.27052,0.06242,0.01328,0.03212,0.12500,10,0.68272,0.47507,0.12516,0.49775
28,clinical_dense_24,24,19,80.00944,3.06625,0.80852,0.89189,48.62852,0.19584,0.27052,0.06242,0.01328,0.03212,0.12500,10,0.68272,0.58058,0.12516,0.46331
28,clinical_hybrid_24,24,21,80.00944,3.06625,0.80852,0.89189,48.62852,0.19584,0.27052,0.06242,0.01328,0.03212,0.08333,10,0.52780,0.58058,0.12516,0.35817
28,clinical_rescue_24,24,22,80.00944,3.06625,0.80852,0.89189,48.62852,0.19584,0.27052,0.06242,0.01328,0.03212,0.16667,10,0.79034,0.58058,0.12516,0.53634
29,clinical_grid_12,12,12,67.31391,8.37292,0.93307,0.99927,52.97337,0.22492,0.06231,0.06376,0.01605,0.01923,0.20833,10,0.88032,0.35232,0.14937,0.68733
29,clinical_grid_18,18,16,67.31391,8.37292,0.93307,0.99927,52.97337,0.22492,0.06231,0.06376,0.01605,0.01923,0.29167,7,0.89517,0.36945,0.10707,0.70246
29,clinical_dense_24,24,24,67.31391,8.37292,0.93307,0.99927,52.97337,0.22492,0.06231,0.06376,0.01605,0.01923,0.08333,10,0.54875,0.58870,0.14937,0.36698
29,clinical_hybrid_24,24,22,67.31391,8.37292,0.93307,0.99927,52.97337,0.22492,0.06231,0.06376,0.01605,0.01923,0.33333,6,0.89920,0.41319,0.09251,0.69033
29,clinical_rescue_24,24,23,67.31391,8.37292,0.93307,0.99927,52.97337,0.22492,0.06231,0.06376,0.01605,0.01923,0.29167,7,0.89517,0.46308,0.10707,0.66213
30,clinical_grid_12,12,10,78.46457,3.12080,0.74493,1.11091,53.56554,0.23927,0.10315,0.05543,0.00758,0.00735,0.08333,10,0.56859,0.31374,0.07325,0.46711
30,clinical_grid_18,18,11,78.46457,3.12080,0.74493,1.11091,53.56554,0.23927,0.10315,0.05543,0.00758,0.00735,0.08333,10,0.56859,0.43459,0.07325,0.43363
30,clinical_dense_24,24,16,78.46457,3.12080,0.74493,1.11091,53.56554,0.23927,0.10315,0.05543,0.00758,0.00735,0.20833,10,0.89474,0.53594,0.07325,0.63819
30,clinical_hybrid_24,24,18,78.46457,3.12080,0.74493,1.11091,53.56554,0.23927,0.10315,0.05543,0.00758,0.00735,0.16667,10,0.82773,0.53594,0.07325,0.59039
30,clinical_rescue_24,24,19,78.46457,3.12080,0.74493,1.11091,53.56554,0.23927,0.10315,0.05543,0.00758,0.00735,0.33333,7,0.93688,0.41574,0.05185,0.72866
31,clinical_grid_12,12,6,71.43961,6.25475,0.65403,0.81185,46.74878,0.18540,0.23178,0.02841,0.00396,0.02866,0.20833,10,0.86841,0.17404,0.03892,0.78204
31,clinical_grid_18,18,13,71.43961,6.25475,0.65403,0.81185,46.74878,0.18540,0.23178,0.02841,0.00396,0.02866,0.12500,10,0.68853,0.25039,0.03892,0.59413
31,clinical_dense_24,24,16,71.43961,6.25475,0.65403,0.81185,46.74878,0.18540,0.23178,0.02841,0.00396,0.02866,0.08333,10,0.53336,0.32032,0.03892,0.44184
31,clinical_hybrid_24,24,17,71.43961,6.25475,0.65403,0.81185,46.74878,0.18540,0.23178,0.02841,0.00396,0.02866,0.16667,10,0.79564,0.32032,0.03892,0.65911
31,clinical_rescue_24,24,16,71.43961,6.25475,0.65403,0.81185,46.74878,0.18540,0.23178,0.02841,0.00396,0.02866,0.08333,10,0.53336,0.32032,0.03892,0.44184
32,clinical_grid_12,12,9,79.86873,7.45402,0.66681,1.11443,44.00844,0.16779,0.27655,0.04649,0.00731,0.02540,0.12500,10,0.69400,0.27011,0.07078,0.58540
32,clinical_grid_18,18,12,79.86873,7.45402,0.66681,1.11443,44.00844,0.16779,0.27655,0.04649,0.00731,0.02540,0.20833,10,0.87256,0.37879,0.07078,0.68978
32,clinical_dense_24,24,15,79.86873,7.45402,0.66681,1.11443,44.00844,0.16779,0.27655,0.04649,0.00731,0.02540,0.16667,10,0.80061,0.47269,0.07078,0.59624
32,clinical_hybrid_24,24,18,79.86873,7.45402,0.66681,1.11443,44.00844,0.16779,0.27655,0.04649,0.00731,0.02540,0.20833,10,0.87256,0.47269,0.07078,0.64983
32,clinical_rescue_24,24,13,79.86873,7.45402,0.66681,1.11443,44.00844,0.16779,0.27655,0.04649,0.00731,0.02540,0.29167,8,0.91683,0.40069,0.05704,0.71851
33,clinical_grid_12,12,7,73.78681,8.24743,0.74426,0.86870,43.30818,0.16106,0.14000,0.01514,0.01876,0.03361,0.20833,10,0.86201,0.09649,0.17250,0.77089
33,clinical_grid_18,18,14,73.78681,8.24743,0.74426,0.86870,43.30818,0.16106,0.14000,0.01514,0.01876,0.03361,0.16667,10,0.78806,0.14152,0.17250,0.68808
33,clinical_dense_24,24,17,73.78681,8.24743,0.74426,0.86870,43.30818,0.16106,0.14000,0.01514,0.01876,0.03361,0.08333,10,0.52542,0.18452,0.17250,0.44815
33,clinical_hybrid_24,24,17,73.78681,8.24743,0.74426,0.86870,43.30818,0.16106,0.14000,0.01514,0.01876,0.03361,0.16667,10,0.78806,0.18452,0.17250,0.67216
33,clinical_rescue_24,24,21,73.78681,8.24743,0.74426,0.86870,43.30818,0.16106,0.14000,0.01514,0.01876,0.03361,0.20833,10,0.86201,0.18452,0.17250,0.73524
34,clinical_grid_12,12,6,75.16078,5.02417,0.50974,0.86419,22.44588,0.21411,0.26649,0.04411,0.00852,0.00814,0.08333,10,0.56725,0.25804,0.08197,0.47989
34,clinical_grid_18,18,10,75.16078,5.02417,0.50974,0.86419,22.44588,0.21411,0.26649,0.04411,0.00852,0.00814,0.12500,10,0.72315,0.36307,0.08197,0.57489
34,clinical_dense_24,24,14,75.16078,5.02417,0.50974,0.86419,22.44588,0.21411,0.26649,0.04411,0.00852,0.00814,0.16667,10,0.82655,0.45452,0.08197,0.62038
34,clinical_hybrid_24,24,12,75.16078,5.02417,0.50974,0.86419,22.44588,0.21411,0.26649,0.04411,0.00852,0.00814,0.16667,10,0.82655,0.45452,0.08197,0.62038
34,clinical_rescue_24,24,11,75.16078,5.02417,0.50974,0.86419,22.44588,0.21411,0.26649,0.04411,0.00852,0.00814,0.16667,10,0.82655,0.45452,0.08197,0.62038
35,clinical_grid_12,12,9,71.68816,9.54496,0.51995,0.96899,39.34962,0.21219,0.18587,0.05863,0.00391,0.03807,0.12500,10,0.67278,0.32881,0.03837,0.55462
35,clinical_grid_18,18,10,71.68816,9.54496,0.51995,0.96899,39.34962,0.21219,0.18587,0.05863,0.00391,0.03807,0.08333,10,0.51834,0.45347,0.03837,0.39543
35,clinical_dense_24,24,12,71.68816,9.54496,0.51995,0.96899,39.34962,0.21219,0.18587,0.05863,0.00391,0.03807,0.16667,10,0.78118,0.55690,0.03837,0.55609
35,clinical_hybrid_24,24,13,71.68816,9.54496,0.51995,0.96899,39.34962,0.21219,0.18587,0.05863,0.00391,0.03807,0.16667,10,0.78118,0.55690,0.03837,0.55609
35,clinical_rescue_24,24,15,71.68816,9.54496,0.51995,0.96899,39.34962,0.21219,0.18587,0.05863,0.00391,0.03807,0.16667,10,0.78118,0.55690,0.03837,0.55609
36,clinical_grid_12,12,8,74.66883,8.03412,0.65898,0.94098,51.99173,0.12778,0.22842,0.05369,0.00912,0.02822,0.12500,10,0.68927,0.30547,0.08756,0.56610
36,clinical_grid_18,18,12,74.66883,8.03412,0.65898,0.94098,51.99173,0.12778,0.22842,0.05369,0.00912,0.02822,0.16667,10,0.79631,0.42413,0.08756,0.60821
36,clinical_dense_24,24,14,74.66883,8.03412,0.65898,0.94098,51.99173,0.12778,0.22842,0.05369,0.00912,0.02822,0.08333,10,0.53407,0.52423,0.08756,0.38201
36,clinical_hybrid_24,24,17,74.66883,8.03412,0.65898,0.94098,51.99173,0.12778,0.22842,0.05369,0.00912,0.02822,0.29167,7,0.88767,0.40546,0.06213,0.69233
36,clinical_rescue_24,24,17,74.66883,8.03412,0.65898,0.94098,51.99173,0.12778,0.22842,0.05369,0.00912,0.02822,0.08333,10,0.53407,0.52423,0.08756,0.38201
37,clinical_grid_12,12,9,75.98690,9.64640,0.61994,1.06474,36.34341,0.18528,0.21315,0.01785,0.01295,0.02286,0.20833,10,0.87578,0.11284,0.12222,0.79102
37,clinical_grid_18,18,10,75.98690,9.64640,0.61994,1.06474,36.34341,0.18528,0.21315,0.01785,0.01295,0.02286,0.33333,9,0.96200,0.14966,0.11070,0.85553
37,clinical_dense_24,24,13,75.98690,9.64640,0.61994,1.06474,36.34341,0.18528,0.21315,0.01785,0.01295,0.02286,0.20833,10,0.87578,0.21408,0.12222,0.74858
37,clinical_hybrid_24,24,15,75.98690,9.64640,0.61994,1.06474,36.34341,0.18528,0.21315,0.01785,0.01295,0.02286,0.16667,10,0.80448,0.21408,0.12222,0.68764
37,clinical_rescue_24,24,14,75.98690,9.64640,0.61994,1.06474,36.34341,0.18528,0.21315,0.01785,0.01295,0.02286,0.45833,6,0.96684,0.13458,0.07523,0.87803
38,clinical_grid_12,12,12,71.93763,3.88391,0.92270,0.77216,22.45406,0.15614,0.16271,0.04566,0.00631,0.02118,0.12500,10,0.70112,0.26592,0.06135,0.59485
38,clinical_grid_18,18,16,71.93763,3.88391,0.92270,0.77216,22.45406,0.15614,0.16271,0.04566,0.00631,0.02118,0.04167,10,0.32059,0.37334,0.06135,0.25514
38,clinical_dense_24,24,24,71.93763,3.88391,0.92270,0.77216,22.45406,0.15614,0.16271,0.04566,0.00631,0.02118,0.08333,10,0.54554,0.46641,0.06135,0.40934
38,clinical_hybrid_24,24,23,71.93763,3.88391,0.92270,0.77216,22.45406,0.15614,0.16271,0.04566,0.00631,0.02118,0.08333,10,0.54554,0.46641,0.06135,0.40934
38,clinical_rescue_24,24,21,71.93763,3.88391,0.92270,0.77216,22.45406,0.15614,0.16271,0.04566,0.00631,0.02118,0.08333,10,0.54554,0.46641,0.06135,0.40934
39,clinical_grid_12,12,8,71.05108,8.52225,0.79336,1.05946,21.22302,0.13970,0.28315,0.03967,0.00905,0.03107,0.37500,8,0.96271,0.19297,0.07013,0.84847
39,clinical_grid_18,18,15,71.05108,8.52225,0.79336,1.05946,21.22302,0.13970,0.28315,0.03967,0.00905,0.03107,0.25000,10,0.91452,0.33285,0.08688,0.73914
39,clinical_dense_24,24,17,71.05108,8.52225,0.79336,1.05946,21.22302,0.13970,0.28315,0.03967,0.00905,0.03107,0.29167,8,0.91209,0.35254,0.07013,0.73287
39,clinical_hybrid_24,24,20,71.05108,8.52225,0.79336,1.05946,21.22302,0.13970,0.28315,0.03967,0.00905,0.03107,0.29167,8,0.91209,0.35254,0.07013,0.73287
39,clinical_rescue_24,24,19,71.05108,8.52225,0.79336,1.05946,21.22302,0.13970,0.28315,0.03967,0.00905,0.03107,0.41667,6,0.94640,0.27821,0.05307,0.79961
40,clinical_grid_12,12,8,76.99274,7.11317,0.66705,0.95428,23.05132,0.13425,0.27041,0.04503,0.00593,0.00776,0.04167,10,0.33684,0.26272,0.05773,0.28668
40,clinical_grid_18,18,14,76.99274,7.11317,0.66705,0.95428,23.05132,0.13425,0.27041,0.04503,0.00593,0.00776,0.12500,10,0.72379,0.36918,0.05773,0.57826
40,clinical_dense_24,24,16,76.99274,7.11317,0.66705,0.95428,23.05132,0.13425,0.27041,0.04503,0.00593,0.00776,0.08333,10,0.56789,0.46160,0.05773,0.42800
40,clinical_hybrid_24,24,19,76.99274,7.11317,0.66705,0.95428,23.05132,0.13425,0.27041,0.04503,0.00593,0.00776,0.16667,10,0.82711,0.46160,0.05773,0.62336
40,clinical_rescue_24,24,18,76.99274,7.11317,0.66705,0.95428,23.05132,0.13425,0.27041,0.04503,0.00593,0.00776,0.16667,10,0.82711,0.46160,0.05773,0.62336
41,clinical_grid_12,12,9,78.78191,8.75288,0.67081,0.91560,49.86056,0.08463,0.11487,0.03246,0.00866,0.00598,0.04167,10,0.33906,0.19652,0.08330,0.29683
41,clinical_grid_18,18,11,78.78191,8.75288,0.67081,0.91560,49.86056,0.08463,0.11487,0.03246,0.00866,0.00598,0.04167,10,0.33906,0.28110,0.08330,0.28291
41,clinical_dense_24,24,18,78.78191,8.75288,0.67081,0.91560,49.86056,0.08463,0.11487,0.03246,0.00866,0.00598,0.20833,10,0.89635,0.35758,0.08330,0.71463
41,clinical_hybrid_24,24,16,78.78191,8.75288,0.67081,0.91560,49.86056,0.08463,0.11487,0.03246,0.00866,0.00598,0.16667,10,0.82974,0.35758,0.08330,0.66153
41,clinical_rescue_24,24,18,78.78191,8.75288,0.67081,0.91560,49.86056,0.08463,0.11487,0.03246,0.00866,0.00598,0.12500,10,0.72680,0.35758,0.08330,0.57946
42,clinical_grid_12,12,3,76.92361,9.76460,0.57461,1.03411,38.12062,0.21982,0.27293,0.04653,0.01920,0.01668,0.16667,10,0.81382,0.27030,0.17621,0.66042
42,clinical_grid_18,18,12,76.92361,9.76460,0.57461,1.03411,38.12062,0.21982,0.27293,0.04653,0.01920,0.01668,0.12500,10,0.70872,0.37904,0.17621,0.53898
42,clinical_dense_24,24,14,76.92361,9.76460,0.57461,1.03411,38.12062,0.21982,0.27293,0.04653,0.01920,0.01668,0.16667,10,0.81382,0.47297,0.17621,0.58304
42,clinical_hybrid_24,24,12,76.92361,9.76460,0.57461,1.03411,38.12062,0.21982,0.27293,0.04653,0.01920,0.01668,0.12500,10,0.70872,0.47297,0.17621,0.50774
42,clinical_rescue_24,24,14,76.92361,9.76460,0.57461,1.03411,38.12062,0.21982,0.27293,0.04653,0.01920,0.01668,0.25000,8,0.88385,0.40094,0.14365,0.67113
43,clinical_grid_12,12,3,65.32011,4.09430,0.49821,0.77015,32.58762,0.15688,0.29502,0.01942,0.00916,0.01340,0.16667,10,0.81874,0.12215,0.08795,0.74506
43,clinical_grid_18,18,10,65.32011,4.09430,0.49821,0.77015,32.58762,0.15688,0.29502,0.01942,0.00916,0.01340,0.04167,10,0.32991,0.17804,0.08795,0.29129
43,clinical_dense_24,24,12,65.32011,4.09430,0.49821,0.77015,32.58762,0.15688,0.29502,0.01942,0.00916,0.01340,0.20833,10,0.88748,0.23071,0.08795,0.76094
43,clinical_hybrid_24,24,9,65.32011,4.09430,0.49821,0.77015,32.58762,0.15688,0.29502,0.01942,0.00916,0.01340,0.16667,10,0.81874,0.23071,0.08795,0.70199
43,clinical_rescue_24,24,11,65.32011,4.09430,0.49821,0.77015,32.58762,0.15688,0.29502,0.01942,0.00916,0.01340,0.12500,10,0.71426,0.23071,0.08795,0.61242
44,clinical_grid_12,12,10,74.81926,9.58063,0.66963,0.96612,45.32889,0.18437,0.07215,0.05870,0.01393,0.00849,0.08333,10,0.56666,0.32913,0.13091,0.45172
44,clinical_grid_18,18,13,74.81926,9.58063,0.66963,0.96612,45.32889,0.18437,0.07215,0.05870,0.01393,0.00849,0.20833,10,0.89339,0.45388,0.13091,0.65900
44,clinical_dense_24,24,15,74.81926,9.58063,0.66963,0.96612,45.32889,0.18437,0.07215,0.05870,0.01393,0.00849,0.12500,10,0.72256,0.55734,0.13091,0.49732
44,clinical_hybrid_24,24,14,74.81926,9.58063,0.66963,0.96612,45.32889,0.18437,0.07215,0.05870,0.01393,0.00849,0.29167,7,0.90387,0.43474,0.09355,0.68423
44,clinical_rescue_24,24,15,74.81926,9.58063,0.66963,0.96612,45.32889,0.18437,0.07215,0.05870,0.01393,0.00849,0.29167,7,0.90387,0.43474,0.09355,0.68423
45,clinical_grid_12,12,9,69.86518,6.01350,0.88577,1.11700,52.71990,0.12088,0.15279,0.04469,0.01201,0.01970,0.16667,10,0.80925,0.26101,0.11380,0.67562
45,clinical_grid_18,18,16,69.86518,6.01350,0.88577,1.11700,52.71990,0.12088,0.15279,0.04469,0.01201,0.01970,0.16667,10,0.80925,0.36695,0.11380,0.63446
45,clinical_dense_24,24,21,69.86518,6.01350,0.88577,1.11700,52.71990,0.12088,0.15279,0.04469,0.01201,0.01970,0.29167,8,0.92148,0.38829,0.09212,0.71863
45,clinical_hybrid_24,24,19,69.86518,6.01350,0.88577,1.11700,52.71990,0.12088,0.15279,0.04469,0.01201,0.01970,0.29167,8,0.92148,0.38829,0.09212,0.71863
45,clinical_rescue_24,24,20,69.86518,6.01350,0.88577,1.11700,52.71990,0.12088,0.15279,0.04469,0.01201,0.01970,0.25000,9,0.90625,0.42474,0.10303,0.68805
46,clinical_grid_12,12,5,80.32502,7.18350,0.53735,0.77581,48.67725,0.21306,0.23729,0.01469,0.00950,0.01146,0.04167,10,0.33228,0.09371,0.09105,0.30662
46,clinical_grid_18,18,10,80.32502,7.18350,0.53735,0.77581,48.67725,0.21306,0.23729,0.01469,0.00950,0.01146,0.12500,10,0.71754,0.13753,0.09105,0.64691
46,clinical_dense_24,24,14,80.32502,7.18350,0.53735,0.77581,48.67725,0.21306,0.23729,0.01469,0.00950,0.01146,0.12500,10,0.71754,0.17944,0.09105,0.63235
46,clinical_hybrid_24,24,10,80.32502,7.18350,0.53735,0.77581,48.67725,0.21306,0.23729,0.01469,0.00950,0.01146,0.29167,10,0.96105,0.17944,0.09105,0.84695
46,clinical_rescue_24,24,14,80.32502,7.18350,0.53735,0.77581,48.67725,0.21306,0.23729,0.01469,0.00950,0.01146,0.04167,10,0.33228,0.17944,0.09105,0.29283
47,clinical_grid_12,12,11,75.34252,5.73932,0.83771,0.77911,34.95920,0.15377,0.12671,0.03038,0.01079,0.02097,0.08333,10,0.54589,0.18504,0.10277,0.47757
47,clinical_grid_18,18,13,75.34252,5.73932,0.83771,0.77911,34.95920,0.15377,0.12671,0.03038,0.01079,0.02097,0.08333,10,0.54589,0.26547,0.10277,0.45640
47,clinical_dense_24,24,20,75.34252,5.73932,0.83771,0.77911,34.95920,0.15377,0.12671,0.03038,0.01079,0.02097,0.04167,10,0.32083,0.33868,0.10277,0.25692
47,clinical_hybrid_24,24,20,75.34252,5.73932,0.83771,0.77911,34.95920,0.15377,0.12671,0.03038,0.01079,0.02097,0.16667,10,0.80735,0.33868,0.10277,0.64651
47,clinical_rescue_24,24,20,75.34252,5.73932,0.83771,0.77911,34.95920,0.15377,0.12671,0.03038,0.01079,0.02097,0.12500,10,0.70148,0.33868,0.10277,0.56173
48,clinical_grid_12,12,9,71.46257,5.07034,0.76398,0.76471,51.49119,0.12437,0.19121,0.02256,0.01530,0.01281,0.12500,10,0.71526,0.14059,0.14286,0.63173
48,clinical_grid_18,18,16,71.46257,5.07034,0.76398,0.76471,51.49119,0.12437,0.19121,0.02256,0.01530,0.01281,0.08333,10,0.55941,0.20398,0.14286,0.47724
48,clinical_dense_24,24,17,71.46257,5.07034,0.76398,0.76471,51.49119,0.12437,0.19121,0.02256,0.01530,0.01281,0.08333,10,0.55941,0.26313,0.14286,0.46152
48,clinical_hybrid_24,24,18,71.46257,5.07034,0.76398,0.76471,51.49119,0.12437,0.19121,0.02256,0.01530,0.01281,0.04167,10,0.33063,0.26313,0.14286,0.27277
48,clinical_rescue_24,24,18,71.46257,5.07034,0.76398,0.76471,51.49119,0.12437,0.19121,0.02256,0.01530,0.01281,0.20833,10,0.88820,0.26313,0.14286,0.73277
49,clinical_grid_12,12,11,74.50174,5.51733,0.89473,1.04321,23.38573,0.20241,0.18159,0.04339,0.00646,0.00523,0.20833,10,0.89724,0.25438,0.06280,0.76591
49,clinical_grid_18,18,14,74.50174,5.51733,0.89473,1.04321,23.38573,0.20241,0.18159,0.04339,0.00646,0.00523,0.16667,10,0.83085,0.35828,0.06280,0.66702
49,clinical_dense_24,24,16,74.50174,5.51733,0.89473,1.04321,23.38573,0.20241,0.18159,0.04339,0.00646,0.00523,0.25000,9,0.92014,0.41513,0.05670,0.71468
49,clinical_hybrid_24,24,22,74.50174,5.51733,0.89473,1.04321,23.38573,0.20241,0.18159,0.04339,0.00646,0.00523,0.37500,6,0.93756,0.30063,0.03817,0.78599
49,clinical_rescue_24,24,18,74.50174,5.51733,0.89473,1.04321,23.38573,0.20241,0.18159,0.04339,0.00646,0.00523,0.29167,8,0.93275,0.37922,0.05056,0.74252
50,clinical_grid_12,12,8,66.15433,8.57588,0.58192,0.80840,32.79155,0.15032,0.21325,0.01624,0.01553,0.03757,0.08333,10,0.51912,0.10313,0.14484,0.46739
50,clinical_grid_18,18,8,66.15433,8.57588,0.58192,0.80840,32.79155,0.15032,0.21325,0.01624,0.01553,0.03757,0.25000,10,0.90774,0.15102,0.14484,0.79665
50,clinical_dense_24,24,16,66.15433,8.57588,0.58192,0.80840,32.79155,0.15032,0.21325,0.01624,0.01553,0.03757,0.25000,10,0.90774,0.19660,0.14484,0.77701
50,clinical_hybrid_24,24,12,66.15433,8.57588,0.58192,0.80840,32.79155,0.15032,0.21325,0.01624,0.01553,0.03757,0.29167,10,0.94176,0.19660,0.14484,0.80614
50,clinical_rescue_24,24,13,66.15433,8.57588,0.58192,0.80840,32.79155,0.15032,0.21325,0.01624,0.01553,0.03757,0.25000,10,0.90774,0.19660,0.14484,0.77701
51,clinical_grid_12,12,10,69.12747,6.63477,0.82405,1.09427,44.22092,0.08377,0.21444,0.05365,0.01436,0.00928,0.25000,10,0.93558,0.30526,0.13468,0.75541
51,clinical_grid_18,18,15,69.12747,6.63477,0.82405,1.09427,44.22092,0.08377,0.21444,0.05365,0.01436,0.00928,0.20833,10,0.89244,0.42387,0.13468,0.67015
51,clinical_dense_24,24,20,69.12747,6.63477,0.82405,1.09427,44.22092,0.08377,0.21444,0.05365,0.01436,0.00928,0.25000,8,0.89107,0.44775,0.10928,0.66513
51,clinical_hybrid_24,24,19,69.12747,6.63477,0.82405,1.09427,44.22092,0.08377,0.21444,0.05365,0.01436,0.00928,0.16667,10,0.82486,0.52393,0.13468,0.58008
51,clinical_rescue_24,24,23,69.12747,6.63477,0.82405,1.09427,44.22092,0.08377,0.21444,0.05365,0.01436,0.00928,0.37500,6,0.93532,0.35938,0.08313,0.74493
52,clinical_grid_12,12,9,78.19352,5.52922,0.68661,0.78888,34.21398,0.15449,0.17682,0.04603,0.00708,0.01387,0.08333,10,0.55763,0.26780,0.06858,0.47137
52,clinical_grid_18,18,14,78.19352,5.52922,0.68661,0.78888,34.21398,0.15449,0.17682,0.04603,0.00708,0.01387,0.08333,10,0.55763,0.37579,0.06858,0.44199
52,clinical_dense_24,24,14,78.19352,5.52922,0.68661,0.78888,34.21398,0.15449,0.17682,0.04603,0.00708,0.01387,0.12500,10,0.71346,0.46923,0.06858,0.53296
52,clinical_hybrid_24,24,15,78.19352,5.52922,0.68661,0.78888,34.21398,0.15449,0.17682,0.04603,0.00708,0.01387,0.04167,10,0.32933,0.46923,0.06858,0.24601
52,clinical_rescue_24,24,9,78.19352,5.52922,0.68661,0.78888,34.21398,0.15449,0.17682,0.04603,0.00708,0.01387,0.08333,10,0.55763,0.46923,0.06858,0.41656
53,clinical_grid_12,12,5,69.10805,5.88225,0.49546,0.77388,43.36853,0.21538,0.27780,0.03168,0.00966,0.02313,0.16667,10,0.80407,0.19223,0.09253,0.70325
53,clinical_grid_18,18,8,69.10805,5.88225,0.49546,0.77388,43.36853,0.21538,0.27780,0.03168,0.00966,0.02313,0.04167,10,0.31829,0.27526,0.09253,0.26559
53,clinical_dense_24,24,11,69.10805,5.88225,0.49546,0.77388,43.36853,0.21538,0.27780,0.03168,0.00966,0.02313,0.04167,10,0.31829,0.35054,0.09253,0.25400
53,clinical_hybrid_24,24,14,69.10805,5.88225,0.49546,0.77388,43.36853,0.21538,0.27780,0.03168,0.00966,0.02313,0.16667,10,0.80407,0.35054,0.09253,0.64167
53,clinical_rescue_24,24,9,69.10805,5.88225,0.49546,0.77388,43.36853,0.21538,0.27780,0.03168,0.00966,0.02313,0.12500,10,0.69783,0.35054,0.09253,0.55689
54,clinical_grid_12,12,9,72.57196,7.10440,0.80279,0.86406,27.15795,0.08450,0.07878,0.05316,0.01330,0.01721,0.16667,10,0.81302,0.30291,0.12528,0.65963
54,clinical_grid_18,18,15,72.57196,7.10440,0.80279,0.86406,27.15795,0.08450,0.07878,0.05316,0.01330,0.01721,0.04167,10,0.32531,0.42089,0.12528,0.24559
54,clinical_dense_24,24,22,72.57196,7.10440,0.80279,0.86406,27.15795,0.08450,0.07878,0.05316,0.01330,0.01721,0.16667,10,0.81302,0.52059,0.12528,0.57502
54,clinical_hybrid_24,24,20,72.57196,7.10440,0.80279,0.86406,27.15795,0.08450,0.07878,0.05316,0.01330,0.01721,0.04167,10,0.32531,0.52059,0.12528,0.23008
54,clinical_rescue_24,24,19,72.57196,7.10440,0.80279,0.86406,27.15795,0.08450,0.07878,0.05316,0.01330,0.01721,0.08333,10,0.55209,0.52059,0.12528,0.39048
55,clinical_grid_12,12,9,68.20419,3.83042,0.84379,0.97993,27.27477,0.13904,0.15632,0.01134,0.01558,0.01442,0.04167,10,0.32867,0.07310,0.14533,0.30055
55,clinical_grid_18,18,15,68.20419,3.83042,0.84379,0.97993,27.27477,0.13904,0.15632,0.01134,0.01558,0.01442,0.16667,10,0.81720,0.10781,0.14533,0.73383
55,clinical_dense_24,24,19,68.20419,3.83042,0.84379,0.97993,27.27477,0.13904,0.15632,0.01134,0.01558,0.01442,0.04167,10,0.32867,0.14135,0.14533,0.28991
55,clinical_hybrid_24,24,20,68.20419,3.83042,0.84379,0.97993,27.27477,0.13904,0.15632,0.01134,0.01558,0.01442,0.16667,10,0.81720,0.14135,0.14533,0.72082
55,clinical_rescue_24,24,21,68.20419,3.83042,0.84379,0.97993,27.27477,0.13904,0.15632,0.01134,0.01558,0.01442,0.12500,10,0.71253,0.14135,0.14533,0.62849
56,clinical_grid_12,12,9,81.63759,3.73275,0.70964,1.12792,45.91981,0.20473,0.12390,0.06754,0.01556,0.02440,0.33333,7,0.92559,0.27566,0.10396,0.76898
56,clinical_grid_18,18,13,81.63759,3.73275,0.70964,1.12792,45.91981,0.20473,0.12390,0.06754,0.01556,0.02440,0.20833,10,0.87383,0.50305,0.14514,0.62081
56,clinical_dense_24,24,18,81.63759,3.73275,0.70964,1.12792,45.91981,0.20473,0.12390,0.06754,0.01556,0.02440,0.33333,6,0.89557,0.43232,0.08980,0.67992
56,clinical_hybrid_24,24,17,81.63759,3.73275,0.70964,1.12792,45.91981,0.20473,0.12390,0.06754,0.01556,0.02440,0.29167,7,0.89088,0.48344,0.10396,0.65095
56,clinical_rescue_24,24,13,81.63759,3.73275,0.70964,1.12792,45.91981,0.20473,0.12390,0.06754,0.01556,0.02440,0.29167,7,0.89088,0.48344,0.10396,0.65095
57,clinical_grid_12,12,12,71.29603,7.17335,0.74874,0.99197,49.65034,0.17466,0.07714,0.02232,0.01365,0.03434,0.16667,10,0.78693,0.13920,0.12838,0.69926
57,clinical_grid_18,18,13,71.29603,7.17335,0.74874,0.99197,49.65034,0.17466,0.07714,0.02232,0.01365,0.03434,0.16667,10,0.78693,0.20204,0.12838,0.67564
57,clinical_dense_24,24,15,71.29603,7.17335,0.74874,0.99197,49.65034,0.17466,0.07714,0.02232,0.01365,0.03434,0.25000,10,0.91113,0.26072,0.12838,0.75676
57,clinical_hybrid_24,24,17,71.29603,7.17335,0.74874,0.99197,49.65034,0.17466,0.07714,0.02232,0.01365,0.03434,0.16667,10,0.78693,0.26072,0.12838,0.65359
57,clinical_rescue_24,24,20,71.29603,7.17335,0.74874,0.99197,49.65034,0.17466,0.07714,0.02232,0.01365,0.03434,0.20833,10,0.86105,0.26072,0.12838,0.71516
58,clinical_grid_12,12,6,77.21503,9.72878,0.60571,0.94797,50.96579,0.21829,0.07822,0.06270,0.00797,0.02497,0.04167,10,0.31614,0.34753,0.07690,0.25418
58,clinical_grid_18,18,12,77.21503,9.72878,0.60571,0.94797,50.96579,0.21829,0.07822,0.06270,0.00797,0.02497,0.12500,10,0.69474,0.47666,0.07690,0.51492
58,clinical_dense_24,24,14,77.21503,9.72878,0.60571,0.94797,50.96579,0.21829,0.07822,0.06270,0.00797,0.02497,0.00000,1,0.00000,0.08360,0.00797,0.00000
58,clinical_hybrid_24,24,13,77.21503,9.72878,0.60571,0.94797,50.96579,0.21829,0.07822,0.06270,0.00797,0.02497,0.12500,10,0.69474,0.58231,0.07690,0.47921
58,clinical_rescue_24,24,13,77.21503,9.72878,0.60571,0.94797,50.96579,0.21829,0.07822,0.06270,0.00797,0.02497,0.12500,10,0.69474,0.58231,0.07690,0.47921
59,clinical_grid_12,12,8,71.56960,6.29166,0.61697,0.79864,47.08574,0.12237,0.24329,0.05610,0.01404,0.00934,0.04167,10,0.33488,0.31695,0.13187,0.26880
59,clinical_grid_18,18,10,71.56960,6.29166,0.61697,0.79864,47.08574,0.12237,0.24329,0.05610,0.01404,0.00934,0.08333,10,0.56522,0.43863,0.13187,0.42090
59,clinical_dense_24,24,11,71.56960,6.29166,0.61697,0.79864,47.08574,0.12237,0.24329,0.05610,0.01404,0.00934,0.00000,1,0.00000,0.07480,0.01404,0.00000
59,clinical_hybrid_24,24,15,71.56960,6.29166,0.61697,0.79864,47.08574,0.12237,0.24329,0.05610,0.01404,0.00934,0.12500,10,0.72112,0.54044,0.13187,0.50197
59,clinical_rescue_24,24,17,71.56960,6.29166,0.61697,0.79864,47.08574,0.12237,0.24329,0.05610,0.01404,0.00934,0.12500,10,0.72112,0.54044,0.13187,0.50197
60,clinical_grid_12,12,7,77.95991,7.07171,0.66046,0.95900,36.80714,0.17715,0.25633,0.03712,0.00934,0.02094,0.16667,10,0.80738,0.22163,0.08958,0.69540
60,clinical_grid_18,18,13,77.95991,7.07171,0.66046,0.95900,36.80714,0.17715,0.25633,0.03712,0.00934,0.02094,0.41667,6,0.95126,0.20303,0.05476,0.83832
60,clinical_dense_24,24,18,77.95991,7.07171,0.66046,0.95900,36.80714,0.17715,0.25633,0.03712,0.00934,0.02094,0.16667,10,0.80738,0.39804,0.08958,0.62642
60,clinical_hybrid_24,24,16,77.95991,7.07171,0.66046,0.95900,36.80714,0.17715,0.25633,0.03712,0.00934,0.02094,0.37500,7,0.95224,0.29903,0.06359,0.79184
60,clinical_rescue_24,24,18,77.95991,7.07171,0.66046,0.95900,36.80714,0.17715,0.25633,0.03712,0.00934,0.02094,0.37500,7,0.95224,0.29903,0.06359,0.79184
61,clinical_grid_12,12,9,81.63289,9.24949,0.60534,0.77741,29.87352,0.12586,0.29491,0.03806,0.01133,0.03712,0.12500,10,0.67436,0.22662,0.10773,0.57540
61,clinical_grid_18,18,8,81.63289,9.24949,0.60534,0.77741,29.87352,0.12586,0.29491,0.03806,0.01133,0.03712,0.12500,10,0.67436,0.32159,0.10773,0.54459
61,clinical_dense_24,24,16,81.63289,9.24949,0.60534,0.77741,29.87352,0.12586,0.29491,0.03806,0.01133,0.03712,0.16667,10,0.78265,0.40593,0.10773,0.60028
61,clinical_hybrid_24,24,12,81.63289,9.24949,0.60534,0.77741,29.87352,0.12586,0.29491,0.03806,0.01133,0.03712,0.20833,10,0.85742,0.40593,0.10773,0.65762
61,clinical_rescue_24,24,12,81.63289,9.24949,0.60534,0.77741,29.87352,0.12586,0.29491,0.03806,0.01133,0.03712,0.08333,10,0.51984,0.40593,0.10773,0.39871
62,clinical_grid_12,12,8,76.39775,8.03313,0.73227,1.02820,38.91130,0.23469,0.16874,0.05259,0.00684,0.00906,0.29167,9,0.94887,0.27471,0.05993,0.80137
62,clinical_grid_18,18,15,76.39775,8.03313,0.73227,1.02820,38.91130,0.23469,0.16874,0.05259,0.00684,0.00906,0.12500,10,0.72159,0.41736,0.06636,0.55774
62,clinical_dense_24,24,20,76.39775,8.03313,0.73227,1.02820,38.91130,0.23469,0.16874,0.05259,0.00684,0.00906,0.25000,9,0.91655,0.48017,0.05993,0.68189
62,clinical_hybrid_24,24,12,76.39775,8.03313,0.73227,1.02820,38.91130,0.23469,0.16874,0.05259,0.00684,0.00906,0.20833,10,0.89270,0.51661,0.06636,0.64673
62,clinical_rescue_24,24,19,76.39775,8.03313,0.73227,1.02820,38.91130,0.23469,0.16874,0.05259,0.00684,0.00906,0.37500,6,0.93544,0.35349,0.04036,0.75923
63,clinical_grid_12,12,7,68.54912,3.39328,0.73871,0.92581,33.76628,0.18089,0.07159,0.05953,0.00557,0.03148,0.08333,10,0.52883,0.33299,0.05431,0.43240
63,clinical_grid_18,18,14,68.54912,3.39328,0.73871,0.92581,33.76628,0.18089,0.07159,0.05953,0.00557,0.03148,0.04167,10,0.30866,0.45868,0.05431,0.23335
63,clinical_dense_24,24,18,68.54912,3.39328,0.73871,0.92581,33.76628,0.18089,0.07159,0.05953,0.00557,0.03148,0.16667,10,0.79133,0.56263,0.05431,0.55790
63,clinical_hybrid_24,24,15,68.54912,3.39328,0.73871,0.92581,33.76628,0.18089,0.07159,0.05953,0.00557,0.03148,0.04167,10,0.30866,0.56263,0.05431,0.21761
63,clinical_rescue_24,24,20,68.54912,3.39328,0.73871,0.92581,33.76628,0.18089,0.07159,0.05953,0.00557,0.03148,0.16667,10,0.79133,0.56263,0.05431,0.55790
64,clinical_grid_12,12,8,79.31531,6.53083,0.72680,1.04830,35.57211,0.13511,0.06310,0.03584,0.01167,0.03492,0.08333,10,0.52333,0.21480,0.11078,0.44901
64,clinical_grid_18,18,13,79.31531,6.53083,0.72680,1.04830,35.57211,0.13511,0.06310,0.03584,0.01167,0.03492,0.20833,10,0.86030,0.30577,0.11078,0.70052
64,clinical_dense_24,24,17,79.31531,6.53083,0.72680,1.04830,35.57211,0.13511,0.06310,0.03584,0.01167,0.03492,0.16667,10,0.78604,0.38714,0.11078,0.60931
64,clinical_hybrid_24,24,19,79.31531,6.53083,0.72680,1.04830,35.57211,0.13511,0.06310,0.03584,0.01167,0.03492,0.16667,10,0.78604,0.38714,0.11078,0.60931
64,clinical_rescue_24,24,16,79.31531,6.53083,0.72680,1.04830,35.57211,0.13511,0.06310,0.03584,0.01167,0.03492,0.29167,8,0.90881,0.32409,0.08965,0.73764
65,clinical_grid_12,12,10,68.21957,5.81858,0.57992,0.86373,35.01208,0.15116,0.29862,0.05550,0.00568,0.03260,0.08333,10,0.52703,0.31408,0.05535,0.43566
65,clinical_grid_18,18,9,68.21957,5.81858,0.57992,0.86373,35.01208,0.15116,0.29862,0.05550,0.00568,0.03260,0.00000,1,0.00000,0.05550,0.00568,0.00000
65,clinical_dense_24,24,11,68.21957,5.81858,0.57992,0.86373,35.01208,0.15116,0.29862,0.05550,0.00568,0.03260,0.04167,10,0.30739,0.53641,0.05535,0.22059
65,clinical_hybrid_24,24,16,68.21957,5.81858,0.57992,0.86373,35.01208,0.15116,0.29862,0.05550,0.00568,0.03260,0.12500,10,0.68192,0.53641,0.05535,0.48936
65,clinical_rescue_24,24,16,68.21957,5.81858,0.57992,0.86373,35.01208,0.15116,0.29862,0.05550,0.00568,0.03260,0.20833,10,0.86332,0.53641,0.05535,0.61954
66,clinical_grid_12,12,6,70.67767,6.80294,0.51690,0.98910,39.44190,0.19231,0.14040,0.04652,0.01203,0.03656,0.16667,10,0.78351,0.27025,0.11398,0.65060
66,clinical_grid_18,18,7,70.67767,6.80294,0.51690,0.98910,39.44190,0.19231,0.14040,0.04652,0.01203,0.03656,0.12500,10,0.67529,0.37898,0.11398,0.52550
66,clinical_dense_24,24,18,70.67767,6.80294,0.51690,0.98910,39.44190,0.19231,0.14040,0.04652,0.01203,0.03656,0.12500,10,0.67529,0.47290,0.11398,0.49505
66,clinical_hybrid_24,24,14,70.67767,6.80294,0.51690,0.98910,39.44190,0.19231,0.14040,0.04652,0.01203,0.03656,0.29167,8,0.90740,0.40088,0.09228,0.70209
66,clinical_rescue_24,24,12,70.67767,6.80294,0.51690,0.98910,39.44190,0.19231,0.14040,0.04652,0.01203,0.03656,0.08333,10,0.52072,0.47290,0.11398,0.38174
67,clinical_grid_12,12,8,73.15998,6.50590,0.53586,0.75192,22.48597,0.21195,0.27614,0.06014,0.00865,0.01589,0.00000,1,0.00000,0.04009,0.00865,0.00000
67,clinical_grid_18,18,10,73.15998,6.50590,0.53586,0.75192,22.48597,0.21195,0.27614,0.06014,0.00865,0.01589,0.08333,10,0.55428,0.46217,0.08317,0.41379
67,clinical_dense_24,24,11,73.15998,6.50590,0.53586,0.75192,22.48597,0.21195,0.27614,0.06014,0.00865,0.01589,0.12500,10,0.71005,0.56647,0.08317,0.49412
67,clinical_hybrid_24,24,12,73.15998,6.50590,0.53586,0.75192,22.48597,0.21195,0.27614,0.06014,0.00865,0.01589,0.16667,10,0.81500,0.56647,0.08317,0.56716
67,clinical_rescue_24,24,14,73.15998,6.50590,0.53586,0.75192,22.48597,0.21195,0.27614,0.06014,0.00865,0.01589,0.16667,10,0.81500,0.56647,0.08317,0.56716
68,clinical_grid_12,12,6,81.16603,4.79297,0.56998,1.12533,30.47080,0.17638,0.21983,0.03644,0.01912,0.01463,0.12500,10,0.71218,0.21803,0.17557,0.59555
68,clinical_grid_18,18,10,81.16603,4.79297,0.56998,1.12533,30.47080,0.17638,0.21983,0.03644,0.01912,0.01463,0.04167,10,0.32842,0.31010,0.17557,0.26045
68,clinical_dense_24,24,12,81.16603,4.79297,0.56998,1.12533,30.47080,0.17638,0.21983,0.03644,0.01912,0.01463,0.16667,10,0.81689,0.39230,0.17557,0.61631
68,clinical_hybrid_24,24,11,81.16603,4.79297,0.56998,1.12533,30.47080,0.17638,0.21983,0.03644,0.01912,0.01463,0.20833,10,0.88599,0.39230,0.17557,0.66844
68,clinical_rescue_24,24,13,81.16603,4.79297,0.56998,1.12533,30.47080,0.17638,0.21983,0.03644,0.01912,0.01463,0.25000,9,0.91123,0.36127,0.15950,0.70495
69,clinical_grid_12,12,9,81.70276,3.42856,0.69883,0.94927,40.45661,0.23112,0.23727,0.03736,0.01267,0.00533,0.08333,10,0.57201,0.22291,0.11975,0.48696
69,clinical_grid_18,18,13,81.70276,3.42856,0.69883,0.94927,40.45661,0.23112,0.23727,0.03736,0.01267,0.00533,0.04167,10,0.33988,0.31664,0.11975,0.27408
69,clinical_dense_24,24,17,81.70276,3.42856,0.69883,0.94927,40.45661,0.23112,0.23727,0.03736,0.01267,0.00533,0.12500,10,0.72791,0.40006,0.11975,0.55790
69,clinical_hybrid_24,24,20,81.70276,3.42856,0.69883,0.94927,40.45661,0.23112,0.23727,0.03736,0.01267,0.00533,0.04167,10,0.33988,0.40006,0.11975,0.26050
69,clinical_rescue_24,24,18,81.70276,3.42856,0.69883,0.94927,40.45661,0.23112,0.23727,0.03736,0.01267,0.00533,0.08333,10,0.57201,0.40006,0.11975,0.43841
70,clinical_grid_12,12,12,73.91151,5.20617,0.75651,0.97987,26.10274,0.17971,0.14920,0.04414,0.00633,0.00738,0.20833,10,0.89471,0.25822,0.06155,0.76240
70,clinical_grid_18,18,13,73.91151,5.20617,0.75651,0.97987,26.10274,0.17971,0.14920,0.04414,0.00633,0.00738,0.12500,10,0.72444,0.36331,0.06155,0.58007
70,clinical_dense_24,24,18,73.91151,5.20617,0.75651,0.97987,26.10274,0.17971,0.14920,0.04414,0.00633,0.00738,0.29167,8,0.93113,0.38448,0.04955,0.73909
70,clinical_hybrid_24,24,19,73.91151,5.20617,0.75651,0.97987,26.10274,0.17971,0.14920,0.04414,0.00633,0.00738,0.37500,6,0.93638,0.30508,0.03740,0.78315
70,clinical_rescue_24,24,17,73.91151,5.20617,0.75651,0.97987,26.10274,0.17971,0.14920,0.04414,0.00633,0.00738,0.29167,8,0.93113,0.38448,0.04955,0.73909
71,clinical_grid_12,12,3,81.56926,9.85671,0.46747,0.85550,41.45406,0.22547,0.20702,0.02741,0.01400,0.02739,0.08333,10,0.53542,0.16842,0.13146,0.46777
71,clinical_grid_18,18,7,81.56926,9.85671,0.46747,0.85550,41.45406,0.22547,0.20702,0.02741,0.01400,0.02739,0.12500,10,0.69066,0.24265,0.13146,0.57894
71,clinical_dense_24,24,13,81.56926,9.85671,0.46747,0.85550,41.45406,0.22547,0.20702,0.02741,0.01400,0.02739,0.12500,10,0.69066,0.31086,0.13146,0.55647
71,clinical_hybrid_24,24,10,81.56926,9.85671,0.46747,0.85550,41.45406,0.22547,0.20702,0.02741,0.01400,0.02739,0.20833,10,0.87003,0.31086,0.13146,0.70099
71,clinical_rescue_24,24,9,81.56926,9.85671,0.46747,0.85550,41.45406,0.22547,0.20702,0.02741,0.01400,0.02739,0.29167,9,0.93499,0.28472,0.11914,0.76845
72,clinical_grid_12,12,7,79.01994,9.10037,0.58042,0.95239,38.09970,0.14055,0.20371,0.05616,0.01330,0.01693,0.12500,10,0.70829,0.31722,0.12535,0.56980
72,clinical_grid_18,18,9,79.01994,9.10037,0.58042,0.95239,38.09970,0.14055,0.20371,0.05616,0.01330,0.01693,0.20833,10,0.88316,0.43897,0.12535,0.65908
72,clinical_dense_24,24,15,79.01994,9.10037,0.58042,0.95239,38.09970,0.14055,0.20371,0.05616,0.01330,0.01693,0.20833,9,0.85774,0.50365,0.11356,0.61624
72,clinical_hybrid_24,24,16,79.01994,9.10037,0.58042,0.95239,38.09970,0.14055,0.20371,0.05616,0.01330,0.01693,0.16667,10,0.81343,0.54082,0.12535,0.56744
72,clinical_rescue_24,24,9,79.01994,9.10037,0.58042,0.95239,38.09970,0.14055,0.20371,0.05616,0.01330,0.01693,0.29167,7,0.89706,0.42005,0.08949,0.68645
73,clinical_grid_12,12,9,75.08290,5.91688,0.77558,1.06865,45.75314,0.10508,0.27410,0.02311,0.01224,0.01814,0.04167,10,0.32420,0.14381,0.11585,0.28868
73,clinical_grid_18,18,15,75.08290,5.91688,0.77558,1.06865,45.75314,0.10508,0.27410,0.02311,0.01224,0.01814,0.08333,10,0.55055,0.20848,0.11585,0.47317
73,clinical_dense_24,24,20,75.08290,5.91688,0.77558,1.06865,45.75314,0.10508,0.27410,0.02311,0.01224,0.01814,0.08333,10,0.55055,0.26872,0.11585,0.45725
73,clinical_hybrid_24,24,20,75.08290,5.91688,0.77558,1.06865,45.75314,0.10508,0.27410,0.02311,0.01224,0.01814,0.16667,10,0.81162,0.26872,0.11585,0.67408
73,clinical_rescue_24,24,16,75.08290,5.91688,0.77558,1.06865,45.75314,0.10508,0.27410,0.02311,0.01224,0.01814,0.12500,10,0.70625,0.26872,0.11585,0.58657
74,clinical_grid_12,12,4,73.64561,6.24952,0.45021,1.03610,46.48859,0.12582,0.29326,0.02291,0.01974,0.02287,0.08333,10,0.54278,0.14263,0.18078,0.47217
74,clinical_grid_18,18,8,73.64561,6.24952,0.45021,1.03610,46.48859,0.12582,0.29326,0.02291,0.01974,0.02287,0.08333,10,0.54278,0.20684,0.18078,0.45585
74,clinical_dense_24,24,12,73.64561,6.24952,0.45021,1.03610,46.48859,0.12582,0.29326,0.02291,0.01974,0.02287,0.00000,1,0.00000,0.03054,0.01974,0.00000
74,clinical_hybrid_24,24,14,73.64561,6.24952,0.45021,1.03610,46.48859,0.12582,0.29326,0.02291,0.01974,0.02287,0.08333,10,0.54278,0.26668,0.18078,0.44064
74,clinical_rescue_24,24,13,73.64561,6.24952,0.45021,1.03610,46.48859,0.12582,0.29326,0.02291,0.01974,0.02287,0.20833,10,0.87577,0.26668,0.18078,0.71097
75,clinical_grid_12,12,7,77.07932,9.54524,0.50229,0.95929,29.09721,0.14316,0.25289,0.01477,0.01477,0.02953,0.12500,10,0.68706,0.09424,0.13825,0.62301
75,clinical_grid_18,18,10,77.07932,9.54524,0.50229,0.95929,29.09721,0.14316,0.25289,0.01477,0.01477,0.02953,0.12500,10,0.68706,0.13830,0.13825,0.60861
75,clinical_dense_24,24,11,77.07932,9.54524,0.50229,0.95929,29.09721,0.14316,0.25289,0.01477,0.01477,0.02953,0.08333,10,0.53195,0.18041,0.13825,0.46055
75,clinical_hybrid_24,24,13,77.07932,9.54524,0.50229,0.95929,29.09721,0.14316,0.25289,0.01477,0.01477,0.02953,0.08333,10,0.53195,0.18041,0.13825,0.46055
75,clinical_rescue_24,24,10,77.07932,9.54524,0.50229,0.95929,29.09721,0.14316,0.25289,0.01477,0.01477,0.02953,0.29167,10,0.94812,0.18041,0.13825,0.82086
76,clinical_grid_12,12,7,80.21752,6.16629,0.50424,0.75689,25.21961,0.15678,0.08988,0.06922,0.00979,0.02489,0.00000,1,0.00000,0.04615,0.00979,0.00000
76,clinical_grid_18,18,13,80.21752,6.16629,0.50424,0.75689,25.21961,0.15678,0.08988,0.06922,0.00979,0.02489,0.04167,10,0.31623,0.51195,0.09367,0.22757
76,clinical_dense_24,24,16,80.21752,6.16629,0.50424,0.75689,25.21961,0.15678,0.08988,0.06922,0.00979,0.02489,0.08333,10,0.53947,0.62029,0.09367,0.35995
76,clinical_hybrid_24,24,10,80.21752,6.16629,0.50424,0.75689,25.21961,0.15678,0.08988,0.06922,0.00979,0.02489,0.16667,10,0.80139,0.62029,0.09367,0.53472
76,clinical_rescue_24,24,13,80.21752,6.16629,0.50424,0.75689,25.21961,0.15678,0.08988,0.06922,0.00979,0.02489,0.08333,10,0.53947,0.62029,0.09367,0.35995
77,clinical_grid_12,12,9,74.47791,5.83041,0.60773,0.95463,27.10969,0.16838,0.21295,0.03029,0.00628,0.01531,0.08333,10,0.55524,0.18453,0.06110,0.49323
77,clinical_grid_18,18,10,74.47791,5.83041,0.60773,0.95463,27.10969,0.16838,0.21295,0.03029,0.00628,0.01531,0.12500,10,0.71102,0.26477,0.06110,0.60370
77,clinical_dense_24,24,13,74.47791,5.83041,0.60773,0.95463,27.10969,0.16838,0.21295,0.03029,0.00628,0.01531,0.16667,10,0.81587,0.33783,0.06110,0.66355
77,clinical_hybrid_24,24,12,74.47791,5.83041,0.60773,0.95463,27.10969,0.16838,0.21295,0.03029,0.00628,0.01531,0.20833,10,0.88515,0.33783,0.06110,0.71990
77,clinical_rescue_24,24,13,74.47791,5.83041,0.60773,0.95463,27.10969,0.16838,0.21295,0.03029,0.00628,0.01531,0.20833,10,0.88515,0.33783,0.06110,0.71990
78,clinical_grid_12,12,9,68.80395,6.14846,0.80172,1.09921,31.89179,0.19617,0.12723,0.03607,0.01706,0.02069,0.12500,10,0.70195,0.21606,0.15810,0.59147
78,clinical_grid_18,18,13,68.80395,6.14846,0.80172,1.09921,31.89179,0.19617,0.12723,0.03607,0.01706,0.02069,0.12500,10,0.70195,0.30746,0.15810,0.56117
78,clinical_dense_24,24,19,68.80395,6.14846,0.80172,1.09921,31.89179,0.19617,0.12723,0.03607,0.01706,0.02069,0.29167,8,0.92068,0.32587,0.12862,0.73598
78,clinical_hybrid_24,24,20,68.80395,6.14846,0.80172,1.09921,31.89179,0.19617,0.12723,0.03607,0.01706,0.02069,0.33333,7,0.92812,0.29181,0.11349,0.76121
78,clinical_rescue_24,24,17,68.80395,6.14846,0.80172,1.09921,31.89179,0.19617,0.12723,0.03607,0.01706,0.02069,0.20833,10,0.87850,0.38916,0.15810,0.66841
79,clinical_grid_12,12,6,77.57211,8.71871,0.61489,1.00074,54.29497,0.12310,0.26509,0.06681,0.01574,0.03021,0.08333,10,0.53086,0.36594,0.14671,0.41146
79,clinical_grid_18,18,9,77.57211,8.71871,0.61489,1.00074,54.29497,0.12310,0.26509,0.06681,0.01574,0.03021,0.12500,10,0.68593,0.49915,0.14671,0.48831
79,clinical_dense_24,24,16,77.57211,8.71871,0.61489,1.00074,54.29497,0.12310,0.26509,0.06681,0.01574,0.03021,0.20833,9,0.84133,0.56816,0.13306,0.57428
79,clinical_hybrid_24,24,14,77.57211,8.71871,0.61489,1.00074,54.29497,0.12310,0.26509,0.06681,0.01574,0.03021,0.37500,6,0.92321,0.42867,0.09080,0.70228
79,clinical_rescue_24,24,13,77.57211,8.71871,0.61489,1.00074,54.29497,0.12310,0.26509,0.06681,0.01574,0.03021,0.20833,9,0.84133,0.56816,0.13306,0.57428
80,clinical_grid_12,12,10,81.21503,8.33987,0.86022,0.75891,36.06157,0.18206,0.09182,0.01862,0.00369,0.03531,0.00000,1,0.00000,0.01241,0.00369,0.00000
80,clinical_grid_18,18,15,81.21503,8.33987,0.86022,0.75891,36.06157,0.18206,0.09182,0.01862,0.00369,0.03531,0.08333,10,0.52272,0.17132,0.03633,0.47187
80,clinical_dense_24,24,19,81.21503,8.33987,0.86022,0.75891,36.06157,0.18206,0.09182,0.01862,0.00369,0.03531,0.20833,10,0.85980,0.22225,0.03633,0.75454
80,clinical_hybrid_24,24,17,81.21503,8.33987,0.86022,0.75891,36.06157,0.18206,0.09182,0.01862,0.00369,0.03531,0.16667,10,0.78545,0.22225,0.03633,0.68929
80,clinical_rescue_24,24,21,81.21503,8.33987,0.86022,0.75891,36.06157,0.18206,0.09182,0.01862,0.00369,0.03531,0.20833,10,0.85980,0.22225,0.03633,0.75454
